Id,Category
1-1.jpg,3.000000
1-2.jpg,3.000000
1-3.jpg,3.000000
1-4.jpg,3.000000
1-5.jpg,3.000000
1-6.jpg,3.000000
1-7.jpg,2.000000
1-8.jpg,3.000000
1-9.jpg,2.000000
1-10.jpg,3.000000
2-1.jpg,2.000000
2-2.jpg,2.000000
2-3.jpg,2.000000
2-4.jpg,1.000000
2-5.jpg,2.000000
2-6.jpg,1.000000
2-7.jpg,1.000000
2-8.jpg,1.000000
2-9.jpg,2.000000
2-10.jpg,1.000000
3-1.jpg,1.000000
3-2.jpg,1.000000
3-3.jpg,1.000000
3-4.jpg,1.000000
3-5.jpg,1.000000
3-6.jpg,2.000000
3-7.jpg,1.000000
3-8.jpg,2.000000
3-9.jpg,1.000000
3-10.jpg,1.000000
4-1.jpg,1.000000
4-2.jpg,1.000000
4-3.jpg,2.000000
4-4.jpg,1.000000
4-5.jpg,1.000000
4-6.jpg,1.000000
4-7.jpg,2.000000
4-8.jpg,2.000000
4-9.jpg,1.000000
4-10.jpg,1.000000
5-1.jpg,4.000000
5-2.jpg,3.000000
5-3.jpg,4.000000
5-4.jpg,4.000000
5-5.jpg,2.000000
5-6.jpg,3.000000
5-7.jpg,3.000000
5-8.jpg,2.000000
5-9.jpg,4.000000
5-10.jpg,3.000000
6-1.jpg,4.000000
6-2.jpg,4.000000
6-3.jpg,4.000000
6-4.jpg,3.000000
6-5.jpg,4.000000
6-6.jpg,3.000000
6-7.jpg,4.000000
6-8.jpg,3.000000
6-9.jpg,4.000000
6-10.jpg,4.000000
7-1.jpg,2.000000
7-2.jpg,2.000000
7-3.jpg,2.000000
7-4.jpg,2.000000
7-5.jpg,2.000000
7-6.jpg,2.000000
7-7.jpg,2.000000
7-8.jpg,2.000000
7-9.jpg,2.000000
7-10.jpg,3.000000
9-1.jpg,4.000000
9-2.jpg,4.000000
9-3.jpg,4.000000
9-4.jpg,3.000000
9-5.jpg,4.000000
9-6.jpg,4.000000
9-7.jpg,4.000000
9-8.jpg,4.000000
9-9.jpg,4.000000
9-10.jpg,4.000000
10-1.jpg,1.000000
10-2.jpg,2.000000
10-3.jpg,1.000000
10-4.jpg,1.000000
10-5.jpg,2.000000
10-6.jpg,1.000000
10-7.jpg,1.000000
10-8.jpg,1.000000
10-9.jpg,1.000000
10-10.jpg,2.000000
11-1.jpg,2.000000
11-2.jpg,2.000000
11-3.jpg,2.000000
11-4.jpg,2.000000
11-5.jpg,2.000000
11-6.jpg,2.000000
11-7.jpg,2.000000
11-8.jpg,2.000000
11-9.jpg,2.000000
11-10.jpg,2.000000
12-1.jpg,2.000000
12-2.jpg,1.000000
12-3.jpg,2.000000
12-4.jpg,1.000000
12-5.jpg,2.000000
12-6.jpg,2.000000
12-7.jpg,1.000000
12-8.jpg,2.000000
12-9.jpg,1.000000
12-10.jpg,2.000000
13-1.jpg,4.000000
13-2.jpg,4.000000
13-3.jpg,4.000000
13-4.jpg,4.000000
13-5.jpg,4.000000
13-6.jpg,4.000000
13-7.jpg,4.000000
13-8.jpg,4.000000
13-9.jpg,4.000000
13-10.jpg,4.000000
14-1.jpg,2.000000
14-2.jpg,1.000000
14-3.jpg,2.000000
14-4.jpg,2.000000
14-5.jpg,2.000000
14-6.jpg,2.000000
14-7.jpg,2.000000
14-8.jpg,2.000000
14-9.jpg,2.000000
14-10.jpg,2.000000
15-1.jpg,2.000000
15-2.jpg,1.000000
15-3.jpg,2.000000
15-4.jpg,1.000000
15-5.jpg,2.000000
15-6.jpg,2.000000
15-7.jpg,2.000000
15-8.jpg,2.000000
15-9.jpg,2.000000
15-10.jpg,2.000000
16-1.jpg,2.000000
16-2.jpg,3.000000
16-3.jpg,2.000000
16-4.jpg,2.000000
16-5.jpg,2.000000
16-6.jpg,2.000000
16-7.jpg,2.000000
16-8.jpg,2.000000
16-9.jpg,2.000000
16-10.jpg,2.000000
17-1.jpg,4.000000
17-2.jpg,4.000000
17-3.jpg,4.000000
17-4.jpg,4.000000
17-5.jpg,4.000000
17-6.jpg,4.000000
17-7.jpg,4.000000
17-8.jpg,4.000000
17-9.jpg,4.000000
17-10.jpg,4.000000
18-1.jpg,4.000000
18-2.jpg,4.000000
18-3.jpg,4.000000
18-4.jpg,4.000000
18-5.jpg,4.000000
18-6.jpg,4.000000
18-7.jpg,4.000000
18-8.jpg,4.000000
18-9.jpg,4.000000
18-10.jpg,4.000000
19-1.jpg,3.000000
19-2.jpg,4.000000
19-3.jpg,4.000000
19-4.jpg,4.000000
19-5.jpg,4.000000
19-6.jpg,4.000000
19-7.jpg,4.000000
19-8.jpg,3.000000
19-9.jpg,4.000000
19-10.jpg,4.000000
20-1.jpg,4.000000
20-2.jpg,4.000000
20-3.jpg,3.000000
20-4.jpg,3.000000
20-5.jpg,4.000000
20-6.jpg,4.000000
20-7.jpg,3.000000
20-8.jpg,3.000000
20-9.jpg,4.000000
20-10.jpg,4.000000
21-1.jpg,4.000000
21-2.jpg,4.000000
21-3.jpg,4.000000
21-4.jpg,3.000000
21-5.jpg,4.000000
21-6.jpg,4.000000
21-7.jpg,4.000000
21-8.jpg,4.000000
21-9.jpg,4.000000
21-10.jpg,4.000000
22-1.jpg,3.000000
22-2.jpg,3.000000
22-3.jpg,3.000000
22-4.jpg,3.000000
22-5.jpg,3.000000
22-6.jpg,3.000000
22-7.jpg,3.000000
22-8.jpg,3.000000
22-9.jpg,3.000000
22-10.jpg,3.000000
23-1.jpg,3.000000
23-2.jpg,2.000000
23-3.jpg,2.000000
23-4.jpg,3.000000
23-5.jpg,3.000000
23-6.jpg,2.000000
23-7.jpg,3.000000
23-8.jpg,2.000000
23-9.jpg,3.000000
23-10.jpg,2.000000
24-1.jpg,1.000000
24-2.jpg,2.000000
24-3.jpg,1.000000
24-4.jpg,1.000000
24-5.jpg,1.000000
24-6.jpg,2.000000
24-7.jpg,1.000000
24-8.jpg,1.000000
24-9.jpg,1.000000
24-10.jpg,1.000000
25-1.jpg,3.000000
25-2.jpg,3.000000
25-3.jpg,3.000000
25-4.jpg,3.000000
25-5.jpg,3.000000
25-6.jpg,3.000000
25-7.jpg,3.000000
25-8.jpg,3.000000
25-9.jpg,3.000000
25-10.jpg,3.000000
26-1.jpg,4.000000
26-2.jpg,4.000000
26-3.jpg,4.000000
26-4.jpg,4.000000
26-5.jpg,4.000000
26-6.jpg,4.000000
26-7.jpg,4.000000
26-8.jpg,4.000000
26-9.jpg,4.000000
26-10.jpg,4.000000
27-1.jpg,4.000000
27-2.jpg,4.000000
27-3.jpg,4.000000
27-4.jpg,4.000000
27-5.jpg,4.000000
27-6.jpg,4.000000
27-7.jpg,4.000000
27-8.jpg,4.000000
27-9.jpg,4.000000
27-10.jpg,4.000000
28-1.jpg,4.000000
28-2.jpg,4.000000
28-3.jpg,4.000000
28-4.jpg,4.000000
28-5.jpg,4.000000
28-6.jpg,4.000000
28-7.jpg,4.000000
28-8.jpg,4.000000
28-9.jpg,4.000000
28-10.jpg,4.000000
29-1.jpg,1.000000
29-2.jpg,1.000000
29-3.jpg,1.000000
29-4.jpg,1.000000
29-5.jpg,1.000000
29-6.jpg,1.000000
29-7.jpg,1.000000
29-8.jpg,2.000000
29-9.jpg,1.000000
29-10.jpg,1.000000
30-1.jpg,1.000000
30-2.jpg,1.000000
30-3.jpg,1.000000
30-4.jpg,1.000000
30-5.jpg,1.000000
30-6.jpg,2.000000
30-7.jpg,2.000000
30-8.jpg,2.000000
30-9.jpg,1.000000
30-10.jpg,2.000000
31-1.jpg,3.000000
31-2.jpg,2.000000
31-3.jpg,1.000000
31-4.jpg,3.000000
31-5.jpg,2.000000
31-6.jpg,2.000000
31-7.jpg,3.000000
31-8.jpg,3.000000
31-9.jpg,1.000000
31-10.jpg,3.000000
32-1.jpg,4.000000
32-2.jpg,4.000000
32-3.jpg,4.000000
32-4.jpg,4.000000
32-5.jpg,4.000000
32-6.jpg,4.000000
32-7.jpg,4.000000
32-8.jpg,4.000000
32-9.jpg,4.000000
32-10.jpg,4.000000
33-1.jpg,2.000000
33-2.jpg,2.000000
33-3.jpg,2.000000
33-4.jpg,2.000000
33-5.jpg,2.000000
33-6.jpg,2.000000
33-7.jpg,2.000000
33-8.jpg,2.000000
33-9.jpg,2.000000
33-10.jpg,2.000000
34-1.jpg,3.000000
34-2.jpg,2.000000
34-3.jpg,3.000000
34-4.jpg,2.000000
34-5.jpg,2.000000
34-6.jpg,2.000000
34-7.jpg,3.000000
34-8.jpg,2.000000
34-9.jpg,3.000000
34-10.jpg,2.000000
35-1.jpg,3.000000
35-2.jpg,3.000000
35-3.jpg,3.000000
35-4.jpg,3.000000
35-5.jpg,3.000000
35-6.jpg,3.000000
35-7.jpg,4.000000
35-8.jpg,3.000000
35-9.jpg,1.000000
35-10.jpg,1.000000
36-1.jpg,2.000000
36-2.jpg,3.000000
36-3.jpg,3.000000
36-4.jpg,3.000000
36-5.jpg,3.000000
36-6.jpg,1.000000
36-7.jpg,3.000000
36-8.jpg,2.000000
36-9.jpg,2.000000
36-10.jpg,2.000000
37-1.jpg,4.000000
37-2.jpg,2.000000
37-3.jpg,3.000000
37-4.jpg,4.000000
37-5.jpg,2.000000
37-6.jpg,4.000000
37-7.jpg,4.000000
37-8.jpg,3.000000
37-9.jpg,4.000000
37-10.jpg,4.000000
38-1.jpg,1.000000
38-2.jpg,2.000000
38-3.jpg,2.000000
38-4.jpg,2.000000
38-5.jpg,1.000000
38-6.jpg,1.000000
38-7.jpg,2.000000
38-8.jpg,1.000000
38-9.jpg,2.000000
38-10.jpg,1.000000
39-1.jpg,2.000000
39-2.jpg,2.000000
39-3.jpg,2.000000
39-4.jpg,2.000000
39-5.jpg,2.000000
39-6.jpg,2.000000
39-7.jpg,1.000000
39-8.jpg,1.000000
39-9.jpg,2.000000
39-10.jpg,2.000000
40-1.jpg,2.000000
40-2.jpg,2.000000
40-3.jpg,2.000000
40-4.jpg,2.000000
40-5.jpg,2.000000
40-6.jpg,2.000000
40-7.jpg,2.000000
40-8.jpg,2.000000
40-9.jpg,2.000000
40-10.jpg,2.000000
41-1.jpg,2.000000
41-2.jpg,3.000000
41-3.jpg,3.000000
41-4.jpg,2.000000
41-5.jpg,3.000000
41-6.jpg,1.000000
41-7.jpg,2.000000
41-8.jpg,2.000000
41-9.jpg,3.000000
41-10.jpg,3.000000
42-1.jpg,1.000000
42-2.jpg,1.000000
42-3.jpg,1.000000
42-4.jpg,1.000000
42-5.jpg,1.000000
42-6.jpg,1.000000
42-7.jpg,1.000000
42-8.jpg,1.000000
42-9.jpg,1.000000
42-10.jpg,1.000000
43-1.jpg,1.000000
43-2.jpg,1.000000
43-3.jpg,1.000000
43-4.jpg,1.000000
43-5.jpg,1.000000
43-6.jpg,1.000000
43-7.jpg,1.000000
43-8.jpg,1.000000
43-9.jpg,1.000000
43-10.jpg,1.000000
44-1.jpg,2.000000
44-2.jpg,1.000000
44-3.jpg,1.000000
44-4.jpg,1.000000
44-5.jpg,2.000000
44-6.jpg,1.000000
44-7.jpg,1.000000
44-8.jpg,2.000000
44-9.jpg,2.000000
44-10.jpg,2.000000
45-1.jpg,1.000000
45-2.jpg,2.000000
45-3.jpg,1.000000
45-4.jpg,2.000000
45-5.jpg,2.000000
45-6.jpg,1.000000
45-7.jpg,2.000000
45-8.jpg,1.000000
45-9.jpg,1.000000
45-10.jpg,1.000000
46-1.jpg,2.000000
46-2.jpg,2.000000
46-3.jpg,2.000000
46-4.jpg,2.000000
46-5.jpg,2.000000
46-6.jpg,2.000000
46-7.jpg,2.000000
46-8.jpg,2.000000
46-9.jpg,2.000000
46-10.jpg,1.000000
47-1.jpg,4.000000
47-2.jpg,4.000000
47-3.jpg,4.000000
47-4.jpg,4.000000
47-5.jpg,4.000000
47-6.jpg,4.000000
47-7.jpg,4.000000
47-8.jpg,4.000000
47-9.jpg,4.000000
47-10.jpg,4.000000
48-1.jpg,2.000000
48-2.jpg,4.000000
48-3.jpg,4.000000
48-4.jpg,4.000000
48-5.jpg,4.000000
48-6.jpg,3.000000
48-7.jpg,4.000000
48-8.jpg,4.000000
48-9.jpg,4.000000
48-10.jpg,4.000000
49-1.jpg,3.000000
49-2.jpg,3.000000
49-3.jpg,3.000000
49-4.jpg,3.000000
49-5.jpg,2.000000
49-6.jpg,4.000000
49-7.jpg,4.000000
49-8.jpg,4.000000
49-9.jpg,3.000000
49-10.jpg,4.000000
50-1.jpg,1.000000
50-2.jpg,1.000000
50-3.jpg,1.000000
50-4.jpg,1.000000
50-5.jpg,1.000000
50-6.jpg,1.000000
50-7.jpg,1.000000
50-8.jpg,1.000000
50-9.jpg,1.000000
50-10.jpg,1.000000
51-1.jpg,1.000000
51-2.jpg,2.000000
51-3.jpg,2.000000
51-4.jpg,1.000000
51-5.jpg,1.000000
51-6.jpg,2.000000
51-7.jpg,2.000000
51-8.jpg,2.000000
51-9.jpg,2.000000
51-10.jpg,1.000000
52-1.jpg,4.000000
52-2.jpg,4.000000
52-3.jpg,4.000000
52-4.jpg,4.000000
52-5.jpg,4.000000
52-6.jpg,4.000000
52-7.jpg,3.000000
52-8.jpg,4.000000
52-9.jpg,3.000000
52-10.jpg,4.000000
53-1.jpg,2.000000
53-2.jpg,1.000000
53-3.jpg,1.000000
53-4.jpg,3.000000
53-5.jpg,1.000000
53-6.jpg,1.000000
53-7.jpg,2.000000
53-8.jpg,3.000000
53-9.jpg,1.000000
53-10.jpg,2.000000
54-1.jpg,1.000000
54-2.jpg,1.000000
54-3.jpg,1.000000
54-4.jpg,2.000000
54-5.jpg,1.000000
54-6.jpg,2.000000
54-7.jpg,1.000000
54-8.jpg,1.000000
54-9.jpg,1.000000
54-10.jpg,1.000000
55-1.jpg,3.000000
55-2.jpg,2.000000
55-3.jpg,1.000000
55-4.jpg,2.000000
55-5.jpg,2.000000
55-6.jpg,3.000000
55-7.jpg,3.000000
55-8.jpg,3.000000
55-9.jpg,3.000000
55-10.jpg,2.000000
56-1.jpg,1.000000
56-2.jpg,1.000000
56-3.jpg,2.000000
56-4.jpg,1.000000
56-5.jpg,1.000000
56-6.jpg,1.000000
56-7.jpg,1.000000
56-8.jpg,1.000000
56-9.jpg,2.000000
56-10.jpg,2.000000
57-1.jpg,1.000000
57-2.jpg,1.000000
57-3.jpg,2.000000
57-4.jpg,1.000000
57-5.jpg,1.000000
57-6.jpg,1.000000
57-7.jpg,2.000000
57-8.jpg,2.000000
57-9.jpg,2.000000
57-10.jpg,1.000000
58-1.jpg,1.000000
58-2.jpg,1.000000
58-3.jpg,1.000000
58-4.jpg,2.000000
58-5.jpg,1.000000
58-6.jpg,1.000000
58-7.jpg,2.000000
58-8.jpg,1.000000
58-9.jpg,1.000000
58-10.jpg,1.000000
59-1.jpg,2.000000
59-2.jpg,1.000000
59-3.jpg,2.000000
59-4.jpg,2.000000
59-5.jpg,2.000000
59-6.jpg,2.000000
59-7.jpg,2.000000
59-8.jpg,2.000000
59-9.jpg,1.000000
59-10.jpg,2.000000
60-1.jpg,3.000000
60-2.jpg,2.000000
60-3.jpg,3.000000
60-4.jpg,2.000000
60-5.jpg,3.000000
60-6.jpg,3.000000
60-7.jpg,3.000000
60-8.jpg,2.000000
60-9.jpg,2.000000
60-10.jpg,2.000000
61-1.jpg,2.000000
61-2.jpg,2.000000
61-3.jpg,2.000000
61-4.jpg,2.000000
61-5.jpg,2.000000
61-6.jpg,2.000000
61-7.jpg,2.000000
61-8.jpg,2.000000
61-9.jpg,2.000000
61-10.jpg,2.000000
62-1.jpg,2.000000
62-2.jpg,1.000000
62-3.jpg,2.000000
62-4.jpg,2.000000
62-5.jpg,2.000000
62-6.jpg,1.000000
62-7.jpg,2.000000
62-8.jpg,1.000000
62-9.jpg,1.000000
62-10.jpg,1.000000
63-1.jpg,1.000000
63-2.jpg,1.000000
63-3.jpg,2.000000
63-4.jpg,3.000000
63-5.jpg,2.000000
63-6.jpg,2.000000
63-7.jpg,2.000000
63-8.jpg,1.000000
63-9.jpg,3.000000
63-10.jpg,2.000000
64-1.jpg,2.000000
64-2.jpg,2.000000
64-3.jpg,2.000000
64-4.jpg,2.000000
64-5.jpg,2.000000
64-6.jpg,2.000000
64-7.jpg,2.000000
64-8.jpg,2.000000
64-9.jpg,2.000000
64-10.jpg,2.000000
65-1.jpg,2.000000
65-2.jpg,3.000000
65-3.jpg,2.000000
65-4.jpg,2.000000
65-5.jpg,2.000000
65-6.jpg,3.000000
65-7.jpg,3.000000
65-8.jpg,2.000000
65-9.jpg,2.000000
65-10.jpg,2.000000
66-1.jpg,4.000000
66-2.jpg,1.000000
66-3.jpg,4.000000
66-4.jpg,2.000000
66-5.jpg,4.000000
66-6.jpg,1.000000
66-7.jpg,4.000000
66-8.jpg,4.000000
66-9.jpg,4.000000
66-10.jpg,4.000000
67-1.jpg,4.000000
67-2.jpg,4.000000
67-3.jpg,4.000000
67-4.jpg,4.000000
67-5.jpg,4.000000
67-6.jpg,4.000000
67-7.jpg,4.000000
67-8.jpg,4.000000
67-9.jpg,4.000000
67-10.jpg,4.000000
68-1.jpg,1.000000
68-2.jpg,1.000000
68-3.jpg,4.000000
68-4.jpg,1.000000
68-5.jpg,1.000000
68-6.jpg,2.000000
68-7.jpg,2.000000
68-8.jpg,4.000000
68-9.jpg,4.000000
68-10.jpg,1.000000
69-1.jpg,4.000000
69-2.jpg,4.000000
69-3.jpg,3.000000
69-4.jpg,3.000000
69-5.jpg,3.000000
69-6.jpg,3.000000
69-7.jpg,3.000000
69-8.jpg,3.000000
69-9.jpg,4.000000
69-10.jpg,3.000000
70-1.jpg,3.000000
70-2.jpg,4.000000
70-3.jpg,4.000000
70-4.jpg,4.000000
70-5.jpg,3.000000
70-6.jpg,3.000000
70-7.jpg,3.000000
70-8.jpg,4.000000
70-9.jpg,3.000000
70-10.jpg,4.000000
71-1.jpg,3.000000
71-2.jpg,4.000000
71-3.jpg,4.000000
71-4.jpg,4.000000
71-5.jpg,3.000000
71-6.jpg,3.000000
71-7.jpg,3.000000
71-8.jpg,4.000000
71-9.jpg,3.000000
71-10.jpg,3.000000
72-1.jpg,3.000000
72-2.jpg,2.000000
72-3.jpg,2.000000
72-4.jpg,3.000000
72-5.jpg,2.000000
72-6.jpg,3.000000
72-7.jpg,3.000000
72-8.jpg,2.000000
72-9.jpg,3.000000
72-10.jpg,3.000000
73-1.jpg,2.000000
73-2.jpg,3.000000
73-3.jpg,3.000000
73-4.jpg,1.000000
73-5.jpg,3.000000
73-6.jpg,3.000000
73-7.jpg,1.000000
73-8.jpg,2.000000
73-9.jpg,2.000000
73-10.jpg,1.000000
74-1.jpg,1.000000
74-2.jpg,2.000000
74-3.jpg,2.000000
74-4.jpg,2.000000
74-5.jpg,2.000000
74-6.jpg,1.000000
74-7.jpg,2.000000
74-8.jpg,2.000000
74-9.jpg,2.000000
74-10.jpg,2.000000
75-1.jpg,2.000000
75-2.jpg,2.000000
75-3.jpg,2.000000
75-4.jpg,1.000000
75-5.jpg,2.000000
75-6.jpg,2.000000
75-7.jpg,2.000000
75-8.jpg,2.000000
75-9.jpg,2.000000
75-10.jpg,2.000000
76-1.jpg,2.000000
76-2.jpg,1.000000
76-3.jpg,1.000000
76-4.jpg,2.000000
76-5.jpg,2.000000
76-6.jpg,2.000000
76-7.jpg,2.000000
76-8.jpg,1.000000
76-9.jpg,1.000000
76-10.jpg,1.000000
77-1.jpg,2.000000
77-2.jpg,3.000000
77-3.jpg,3.000000
77-4.jpg,3.000000
77-5.jpg,3.000000
77-6.jpg,4.000000
77-7.jpg,4.000000
77-8.jpg,3.000000
77-9.jpg,3.000000
77-10.jpg,3.000000
78-1.jpg,4.000000
78-2.jpg,4.000000
78-3.jpg,4.000000
78-4.jpg,4.000000
78-5.jpg,4.000000
78-6.jpg,4.000000
78-7.jpg,4.000000
78-8.jpg,4.000000
78-9.jpg,3.000000
78-10.jpg,4.000000
79-1.jpg,2.000000
79-2.jpg,2.000000
79-3.jpg,2.000000
79-4.jpg,2.000000
79-5.jpg,2.000000
79-6.jpg,2.000000
79-7.jpg,2.000000
79-8.jpg,2.000000
79-9.jpg,2.000000
79-10.jpg,2.000000
80-1.jpg,1.000000
80-2.jpg,1.000000
80-3.jpg,1.000000
80-4.jpg,1.000000
80-5.jpg,1.000000
80-6.jpg,1.000000
80-7.jpg,1.000000
80-8.jpg,1.000000
80-9.jpg,1.000000
80-10.jpg,1.000000
81-1.jpg,1.000000
81-2.jpg,1.000000
81-3.jpg,1.000000
81-4.jpg,1.000000
81-5.jpg,1.000000
81-6.jpg,1.000000
81-7.jpg,1.000000
81-8.jpg,1.000000
81-9.jpg,1.000000
81-10.jpg,1.000000
82-1.jpg,2.000000
82-2.jpg,3.000000
82-3.jpg,2.000000
82-4.jpg,3.000000
82-5.jpg,3.000000
82-6.jpg,3.000000
82-7.jpg,2.000000
82-8.jpg,2.000000
82-9.jpg,2.000000
82-10.jpg,2.000000
83-1.jpg,1.000000
83-2.jpg,1.000000
83-3.jpg,1.000000
83-4.jpg,2.000000
83-5.jpg,1.000000
83-6.jpg,1.000000
83-7.jpg,1.000000
83-8.jpg,1.000000
83-9.jpg,2.000000
83-10.jpg,1.000000
84-1.jpg,1.000000
84-2.jpg,1.000000
84-3.jpg,2.000000
84-4.jpg,1.000000
84-5.jpg,1.000000
84-6.jpg,1.000000
84-7.jpg,2.000000
84-8.jpg,1.000000
84-9.jpg,2.000000
84-10.jpg,2.000000
85-1.jpg,1.000000
85-2.jpg,1.000000
85-3.jpg,1.000000
85-4.jpg,1.000000
85-5.jpg,1.000000
85-6.jpg,2.000000
85-7.jpg,1.000000
85-8.jpg,1.000000
85-9.jpg,2.000000
85-10.jpg,1.000000
86-1.jpg,3.000000
86-2.jpg,2.000000
86-3.jpg,2.000000
86-4.jpg,2.000000
86-5.jpg,2.000000
86-6.jpg,3.000000
86-7.jpg,3.000000
86-8.jpg,3.000000
86-9.jpg,2.000000
86-10.jpg,2.000000
87-1.jpg,1.000000
87-2.jpg,4.000000
87-3.jpg,4.000000
87-4.jpg,1.000000
87-5.jpg,3.000000
87-6.jpg,1.000000
87-7.jpg,3.000000
87-8.jpg,4.000000
87-9.jpg,4.000000
87-10.jpg,2.000000
88-1.jpg,1.000000
88-2.jpg,1.000000
88-3.jpg,1.000000
88-4.jpg,1.000000
88-5.jpg,1.000000
88-6.jpg,2.000000
88-7.jpg,1.000000
88-8.jpg,1.000000
88-9.jpg,1.000000
88-10.jpg,1.000000
89-1.jpg,3.000000
89-2.jpg,4.000000
89-3.jpg,3.000000
89-4.jpg,2.000000
89-5.jpg,4.000000
89-6.jpg,2.000000
89-7.jpg,2.000000
89-8.jpg,3.000000
89-9.jpg,4.000000
89-10.jpg,3.000000
90-1.jpg,1.000000
90-2.jpg,1.000000
90-3.jpg,1.000000
90-4.jpg,1.000000
90-5.jpg,1.000000
90-6.jpg,1.000000
90-7.jpg,1.000000
90-8.jpg,1.000000
90-9.jpg,1.000000
90-10.jpg,1.000000
91-1.jpg,3.000000
91-2.jpg,3.000000
91-3.jpg,4.000000
91-4.jpg,3.000000
91-5.jpg,3.000000
91-6.jpg,3.000000
91-7.jpg,3.000000
91-8.jpg,2.000000
91-9.jpg,2.000000
91-10.jpg,3.000000
92-1.jpg,1.000000
92-2.jpg,1.000000
92-3.jpg,1.000000
92-4.jpg,1.000000
92-5.jpg,1.000000
92-6.jpg,1.000000
92-7.jpg,1.000000
92-8.jpg,1.000000
92-9.jpg,1.000000
92-10.jpg,1.000000
93-1.jpg,2.000000
93-2.jpg,2.000000
93-3.jpg,1.000000
93-4.jpg,1.000000
93-5.jpg,2.000000
93-6.jpg,2.000000
93-7.jpg,2.000000
93-8.jpg,2.000000
93-9.jpg,1.000000
93-10.jpg,2.000000
94-1.jpg,3.000000
94-2.jpg,2.000000
94-3.jpg,2.000000
94-4.jpg,2.000000
94-5.jpg,2.000000
94-6.jpg,2.000000
94-7.jpg,3.000000
94-8.jpg,1.000000
94-9.jpg,1.000000
94-10.jpg,2.000000
95-1.jpg,2.000000
95-2.jpg,1.000000
95-3.jpg,2.000000
95-4.jpg,2.000000
95-5.jpg,1.000000
95-6.jpg,2.000000
95-7.jpg,1.000000
95-8.jpg,1.000000
95-9.jpg,1.000000
95-10.jpg,1.000000
96-1.jpg,2.000000
96-2.jpg,2.000000
96-3.jpg,2.000000
96-4.jpg,2.000000
96-5.jpg,2.000000
96-6.jpg,2.000000
96-7.jpg,2.000000
96-8.jpg,3.000000
96-9.jpg,2.000000
96-10.jpg,2.000000
97-1.jpg,2.000000
97-2.jpg,2.000000
97-3.jpg,2.000000
97-4.jpg,2.000000
97-5.jpg,2.000000
97-6.jpg,2.000000
97-7.jpg,2.000000
97-8.jpg,2.000000
97-9.jpg,2.000000
97-10.jpg,2.000000
98-1.jpg,2.000000
98-2.jpg,2.000000
98-3.jpg,2.000000
98-4.jpg,2.000000
98-5.jpg,2.000000
98-6.jpg,2.000000
98-7.jpg,2.000000
98-8.jpg,2.000000
98-9.jpg,2.000000
98-10.jpg,2.000000
99-1.jpg,4.000000
99-2.jpg,2.000000
99-3.jpg,3.000000
99-4.jpg,3.000000
99-5.jpg,3.000000
99-6.jpg,2.000000
99-7.jpg,2.000000
99-8.jpg,3.000000
99-9.jpg,4.000000
99-10.jpg,3.000000
100-1.jpg,3.000000
100-2.jpg,3.000000
100-3.jpg,1.000000
100-4.jpg,2.000000
100-5.jpg,3.000000
100-6.jpg,3.000000
100-7.jpg,3.000000
100-8.jpg,3.000000
100-9.jpg,3.000000
100-10.jpg,3.000000
101-1.jpg,2.000000
101-2.jpg,2.000000
101-3.jpg,3.000000
101-4.jpg,3.000000
101-5.jpg,2.000000
101-6.jpg,3.000000
101-7.jpg,3.000000
101-8.jpg,2.000000
101-9.jpg,2.000000
101-10.jpg,2.000000
102-1.jpg,2.000000
102-2.jpg,3.000000
102-3.jpg,2.000000
102-4.jpg,2.000000
102-5.jpg,1.000000
102-6.jpg,1.000000
102-7.jpg,2.000000
102-8.jpg,1.000000
102-9.jpg,2.000000
102-10.jpg,1.000000
103-1.jpg,2.000000
103-2.jpg,2.000000
103-3.jpg,2.000000
103-4.jpg,1.000000
103-5.jpg,1.000000
103-6.jpg,2.000000
103-7.jpg,3.000000
103-8.jpg,2.000000
103-9.jpg,2.000000
103-10.jpg,1.000000
104-1.jpg,4.000000
104-2.jpg,3.000000
104-3.jpg,3.000000
104-4.jpg,3.000000
104-5.jpg,3.000000
104-6.jpg,3.000000
104-7.jpg,3.000000
104-8.jpg,3.000000
104-9.jpg,3.000000
104-10.jpg,3.000000
105-1.jpg,2.000000
105-2.jpg,1.000000
105-3.jpg,1.000000
105-4.jpg,2.000000
105-5.jpg,1.000000
105-6.jpg,2.000000
105-7.jpg,1.000000
105-8.jpg,2.000000
105-9.jpg,1.000000
105-10.jpg,2.000000
106-1.jpg,2.000000
106-2.jpg,2.000000
106-3.jpg,2.000000
106-4.jpg,1.000000
106-5.jpg,2.000000
106-6.jpg,2.000000
106-7.jpg,2.000000
106-8.jpg,1.000000
106-9.jpg,1.000000
106-10.jpg,2.000000
107-1.jpg,2.000000
107-2.jpg,2.000000
107-3.jpg,1.000000
107-4.jpg,2.000000
107-5.jpg,1.000000
107-6.jpg,2.000000
107-7.jpg,1.000000
107-8.jpg,2.000000
107-9.jpg,2.000000
107-10.jpg,2.000000
108-1.jpg,2.000000
108-2.jpg,3.000000
108-3.jpg,1.000000
108-4.jpg,1.000000
108-5.jpg,2.000000
108-6.jpg,3.000000
108-7.jpg,1.000000
108-8.jpg,3.000000
108-9.jpg,3.000000
108-10.jpg,2.000000
109-1.jpg,4.000000
109-2.jpg,4.000000
109-3.jpg,4.000000
109-4.jpg,4.000000
109-5.jpg,3.000000
109-6.jpg,4.000000
109-7.jpg,2.000000
109-8.jpg,4.000000
109-9.jpg,4.000000
109-10.jpg,4.000000
110-1.jpg,4.000000
110-2.jpg,3.000000
110-3.jpg,3.000000
110-4.jpg,3.000000
110-5.jpg,3.000000
110-6.jpg,3.000000
110-7.jpg,3.000000
110-8.jpg,3.000000
110-9.jpg,3.000000
110-10.jpg,3.000000
111-1.jpg,3.000000
111-2.jpg,2.000000
111-3.jpg,3.000000
111-4.jpg,2.000000
111-5.jpg,3.000000
111-6.jpg,3.000000
111-7.jpg,3.000000
111-8.jpg,3.000000
111-9.jpg,3.000000
111-10.jpg,3.000000
112-1.jpg,4.000000
112-2.jpg,4.000000
112-3.jpg,4.000000
112-4.jpg,4.000000
112-5.jpg,4.000000
112-6.jpg,4.000000
112-7.jpg,4.000000
112-8.jpg,4.000000
112-9.jpg,4.000000
112-10.jpg,4.000000
113-1.jpg,1.000000
113-2.jpg,1.000000
113-3.jpg,1.000000
113-4.jpg,1.000000
113-5.jpg,1.000000
113-6.jpg,1.000000
113-7.jpg,1.000000
113-8.jpg,1.000000
113-9.jpg,1.000000
113-10.jpg,1.000000
114-1.jpg,3.000000
114-2.jpg,3.000000
114-3.jpg,2.000000
114-4.jpg,2.000000
114-5.jpg,3.000000
114-6.jpg,3.000000
114-7.jpg,3.000000
114-8.jpg,3.000000
114-9.jpg,1.000000
114-10.jpg,3.000000
115-1.jpg,3.000000
115-2.jpg,3.000000
115-3.jpg,2.000000
115-4.jpg,3.000000
115-5.jpg,3.000000
115-6.jpg,2.000000
115-7.jpg,3.000000
115-8.jpg,2.000000
115-9.jpg,1.000000
115-10.jpg,2.000000
116-1.jpg,2.000000
116-2.jpg,2.000000
116-3.jpg,2.000000
116-4.jpg,1.000000
116-5.jpg,2.000000
116-6.jpg,2.000000
116-7.jpg,2.000000
116-8.jpg,2.000000
116-9.jpg,2.000000
116-10.jpg,1.000000
117-1.jpg,4.000000
117-2.jpg,4.000000
117-3.jpg,4.000000
117-4.jpg,4.000000
117-5.jpg,4.000000
117-6.jpg,4.000000
117-7.jpg,4.000000
117-8.jpg,4.000000
117-9.jpg,4.000000
117-10.jpg,4.000000
118-1.jpg,3.000000
118-2.jpg,4.000000
118-3.jpg,4.000000
118-4.jpg,4.000000
118-5.jpg,4.000000
118-6.jpg,3.000000
118-7.jpg,3.000000
118-8.jpg,4.000000
118-9.jpg,4.000000
118-10.jpg,4.000000
119-1.jpg,2.000000
119-2.jpg,1.000000
119-3.jpg,1.000000
119-4.jpg,2.000000
119-5.jpg,1.000000
119-6.jpg,1.000000
119-7.jpg,2.000000
119-8.jpg,1.000000
119-9.jpg,2.000000
119-10.jpg,1.000000
120-1.jpg,1.000000
120-2.jpg,2.000000
120-3.jpg,1.000000
120-4.jpg,1.000000
120-5.jpg,2.000000
120-6.jpg,1.000000
120-7.jpg,1.000000
120-8.jpg,1.000000
120-9.jpg,2.000000
120-10.jpg,1.000000
121-1.jpg,4.000000
121-2.jpg,4.000000
121-3.jpg,2.000000
121-4.jpg,2.000000
121-5.jpg,4.000000
121-6.jpg,4.000000
121-7.jpg,4.000000
121-8.jpg,4.000000
121-9.jpg,4.000000
121-10.jpg,4.000000
122-1.jpg,1.000000
122-2.jpg,2.000000
122-3.jpg,3.000000
122-4.jpg,1.000000
122-5.jpg,3.000000
122-6.jpg,3.000000
122-7.jpg,3.000000
122-8.jpg,1.000000
122-9.jpg,1.000000
122-10.jpg,2.000000
123-1.jpg,1.000000
123-2.jpg,1.000000
123-3.jpg,1.000000
123-4.jpg,1.000000
123-5.jpg,1.000000
123-6.jpg,1.000000
123-7.jpg,1.000000
123-8.jpg,1.000000
123-9.jpg,1.000000
123-10.jpg,1.000000
124-1.jpg,2.000000
124-2.jpg,2.000000
124-3.jpg,3.000000
124-4.jpg,2.000000
124-5.jpg,2.000000
124-6.jpg,2.000000
124-7.jpg,2.000000
124-8.jpg,2.000000
124-9.jpg,3.000000
124-10.jpg,2.000000
125-1.jpg,2.000000
125-2.jpg,2.000000
125-3.jpg,1.000000
125-4.jpg,2.000000
125-5.jpg,2.000000
125-6.jpg,2.000000
125-7.jpg,2.000000
125-8.jpg,1.000000
125-9.jpg,2.000000
125-10.jpg,2.000000
126-1.jpg,3.000000
126-2.jpg,2.000000
126-3.jpg,3.000000
126-4.jpg,2.000000
126-5.jpg,2.000000
126-6.jpg,3.000000
126-7.jpg,3.000000
126-8.jpg,3.000000
126-9.jpg,3.000000
126-10.jpg,2.000000
127-1.jpg,1.000000
127-2.jpg,1.000000
127-3.jpg,2.000000
127-4.jpg,2.000000
127-5.jpg,1.000000
127-6.jpg,1.000000
127-7.jpg,1.000000
127-8.jpg,2.000000
127-9.jpg,1.000000
127-10.jpg,1.000000
128-1.jpg,2.000000
128-2.jpg,4.000000
128-3.jpg,2.000000
128-4.jpg,2.000000
128-5.jpg,3.000000
128-6.jpg,3.000000
128-7.jpg,3.000000
128-8.jpg,2.000000
128-9.jpg,3.000000
128-10.jpg,2.000000
129-1.jpg,1.000000
129-2.jpg,2.000000
129-3.jpg,2.000000
129-4.jpg,2.000000
129-5.jpg,2.000000
129-6.jpg,2.000000
129-7.jpg,2.000000
129-8.jpg,2.000000
129-9.jpg,2.000000
129-10.jpg,1.000000
130-1.jpg,1.000000
130-2.jpg,4.000000
130-3.jpg,4.000000
130-4.jpg,4.000000
130-5.jpg,4.000000
130-6.jpg,4.000000
130-7.jpg,4.000000
130-8.jpg,4.000000
130-9.jpg,4.000000
130-10.jpg,4.000000
131-1.jpg,3.000000
131-2.jpg,2.000000
131-3.jpg,3.000000
131-4.jpg,2.000000
131-5.jpg,3.000000
131-6.jpg,4.000000
131-7.jpg,4.000000
131-8.jpg,3.000000
131-9.jpg,3.000000
131-10.jpg,3.000000
132-1.jpg,3.000000
132-2.jpg,3.000000
132-3.jpg,2.000000
132-4.jpg,2.000000
132-5.jpg,3.000000
132-6.jpg,1.000000
132-7.jpg,3.000000
132-8.jpg,2.000000
132-9.jpg,2.000000
132-10.jpg,3.000000
133-1.jpg,2.000000
133-2.jpg,1.000000
133-3.jpg,2.000000
133-4.jpg,1.000000
133-5.jpg,1.000000
133-6.jpg,1.000000
133-7.jpg,2.000000
133-8.jpg,1.000000
133-9.jpg,2.000000
133-10.jpg,2.000000
134-1.jpg,3.000000
134-2.jpg,2.000000
134-3.jpg,2.000000
134-4.jpg,2.000000
134-5.jpg,2.000000
134-6.jpg,2.000000
134-7.jpg,2.000000
134-8.jpg,3.000000
134-9.jpg,1.000000
134-10.jpg,2.000000
135-1.jpg,4.000000
135-2.jpg,2.000000
135-3.jpg,4.000000
135-4.jpg,3.000000
135-5.jpg,4.000000
135-6.jpg,4.000000
135-7.jpg,4.000000
135-8.jpg,3.000000
135-9.jpg,4.000000
135-10.jpg,3.000000
136-1.jpg,2.000000
136-2.jpg,2.000000
136-3.jpg,2.000000
136-4.jpg,2.000000
136-5.jpg,2.000000
136-6.jpg,2.000000
136-7.jpg,2.000000
136-8.jpg,2.000000
136-9.jpg,2.000000
136-10.jpg,2.000000
137-1.jpg,4.000000
137-2.jpg,4.000000
137-3.jpg,4.000000
137-4.jpg,4.000000
137-5.jpg,4.000000
137-6.jpg,4.000000
137-7.jpg,4.000000
137-8.jpg,4.000000
137-9.jpg,1.000000
137-10.jpg,4.000000
138-1.jpg,3.000000
138-2.jpg,3.000000
138-3.jpg,3.000000
138-4.jpg,3.000000
138-5.jpg,3.000000
138-6.jpg,3.000000
138-7.jpg,3.000000
138-8.jpg,3.000000
138-9.jpg,2.000000
138-10.jpg,2.000000
139-1.jpg,2.000000
139-2.jpg,2.000000
139-3.jpg,2.000000
139-4.jpg,2.000000
139-5.jpg,2.000000
139-6.jpg,1.000000
139-7.jpg,2.000000
139-8.jpg,1.000000
139-9.jpg,2.000000
139-10.jpg,1.000000
140-1.jpg,3.000000
140-2.jpg,1.000000
140-3.jpg,3.000000
140-4.jpg,3.000000
140-5.jpg,4.000000
140-6.jpg,2.000000
140-7.jpg,3.000000
140-8.jpg,2.000000
140-9.jpg,3.000000
140-10.jpg,3.000000
141-1.jpg,1.000000
141-2.jpg,1.000000
141-3.jpg,2.000000
141-4.jpg,2.000000
141-5.jpg,1.000000
141-6.jpg,1.000000
141-7.jpg,1.000000
141-8.jpg,1.000000
141-9.jpg,2.000000
141-10.jpg,1.000000
142-1.jpg,3.000000
142-2.jpg,2.000000
142-3.jpg,2.000000
142-4.jpg,3.000000
142-5.jpg,3.000000
142-6.jpg,3.000000
142-7.jpg,3.000000
142-8.jpg,3.000000
142-9.jpg,2.000000
142-10.jpg,2.000000
143-1.jpg,3.000000
143-2.jpg,1.000000
143-3.jpg,2.000000
143-4.jpg,3.000000
143-5.jpg,1.000000
143-6.jpg,3.000000
143-7.jpg,2.000000
143-8.jpg,2.000000
143-9.jpg,2.000000
143-10.jpg,2.000000
144-1.jpg,1.000000
144-2.jpg,1.000000
144-3.jpg,1.000000
144-4.jpg,1.000000
144-5.jpg,1.000000
144-6.jpg,1.000000
144-7.jpg,1.000000
144-8.jpg,1.000000
144-9.jpg,1.000000
144-10.jpg,1.000000
145-1.jpg,3.000000
145-2.jpg,2.000000
145-3.jpg,2.000000
145-4.jpg,2.000000
145-5.jpg,2.000000
145-6.jpg,2.000000
145-7.jpg,1.000000
145-8.jpg,3.000000
145-9.jpg,2.000000
145-10.jpg,2.000000
146-1.jpg,2.000000
146-2.jpg,2.000000
146-3.jpg,2.000000
146-4.jpg,2.000000
146-5.jpg,2.000000
146-6.jpg,2.000000
146-7.jpg,2.000000
146-8.jpg,2.000000
146-9.jpg,2.000000
146-10.jpg,2.000000
147-1.jpg,4.000000
147-2.jpg,4.000000
147-3.jpg,4.000000
147-4.jpg,4.000000
147-5.jpg,4.000000
147-6.jpg,4.000000
147-7.jpg,4.000000
147-8.jpg,4.000000
147-9.jpg,4.000000
147-10.jpg,4.000000
148-1.jpg,2.000000
148-2.jpg,1.000000
148-3.jpg,2.000000
148-4.jpg,2.000000
148-5.jpg,2.000000
148-6.jpg,1.000000
148-7.jpg,1.000000
148-8.jpg,2.000000
148-9.jpg,2.000000
148-10.jpg,2.000000
149-1.jpg,3.000000
149-2.jpg,3.000000
149-3.jpg,3.000000
149-4.jpg,3.000000
149-5.jpg,3.000000
149-6.jpg,2.000000
149-7.jpg,3.000000
149-8.jpg,3.000000
149-9.jpg,3.000000
149-10.jpg,3.000000
150-1.jpg,2.000000
150-2.jpg,2.000000
150-3.jpg,2.000000
150-4.jpg,2.000000
150-5.jpg,2.000000
150-6.jpg,2.000000
150-7.jpg,2.000000
150-8.jpg,2.000000
150-9.jpg,2.000000
150-10.jpg,2.000000
151-1.jpg,2.000000
151-2.jpg,2.000000
151-3.jpg,2.000000
151-4.jpg,1.000000
151-5.jpg,2.000000
151-6.jpg,2.000000
151-7.jpg,2.000000
151-8.jpg,2.000000
151-9.jpg,2.000000
151-10.jpg,1.000000
152-1.jpg,3.000000
152-2.jpg,3.000000
152-3.jpg,3.000000
152-4.jpg,1.000000
152-5.jpg,3.000000
152-6.jpg,4.000000
152-7.jpg,1.000000
152-8.jpg,3.000000
152-9.jpg,4.000000
152-10.jpg,4.000000
153-1.jpg,4.000000
153-2.jpg,3.000000
153-3.jpg,4.000000
153-4.jpg,4.000000
153-5.jpg,4.000000
153-6.jpg,4.000000
153-7.jpg,3.000000
153-8.jpg,4.000000
153-9.jpg,4.000000
153-10.jpg,4.000000
154-1.jpg,4.000000
154-2.jpg,4.000000
154-3.jpg,4.000000
154-4.jpg,4.000000
154-5.jpg,4.000000
154-6.jpg,4.000000
154-7.jpg,4.000000
154-8.jpg,4.000000
154-9.jpg,4.000000
154-10.jpg,4.000000
155-1.jpg,2.000000
155-2.jpg,2.000000
155-3.jpg,2.000000
155-4.jpg,2.000000
155-5.jpg,2.000000
155-6.jpg,2.000000
155-7.jpg,2.000000
155-8.jpg,2.000000
155-9.jpg,2.000000
155-10.jpg,2.000000
156-1.jpg,3.000000
156-2.jpg,3.000000
156-3.jpg,3.000000
156-4.jpg,3.000000
156-5.jpg,2.000000
156-6.jpg,2.000000
156-7.jpg,2.000000
156-8.jpg,2.000000
156-9.jpg,2.000000
156-10.jpg,3.000000
157-1.jpg,2.000000
157-2.jpg,2.000000
157-3.jpg,2.000000
157-4.jpg,1.000000
157-5.jpg,3.000000
157-6.jpg,1.000000
157-7.jpg,2.000000
157-8.jpg,1.000000
157-9.jpg,1.000000
157-10.jpg,1.000000
158-1.jpg,2.000000
158-2.jpg,1.000000
158-3.jpg,2.000000
158-4.jpg,1.000000
158-5.jpg,2.000000
158-6.jpg,2.000000
158-7.jpg,2.000000
158-8.jpg,2.000000
158-9.jpg,2.000000
158-10.jpg,2.000000
159-1.jpg,1.000000
159-2.jpg,1.000000
159-3.jpg,1.000000
159-4.jpg,1.000000
159-5.jpg,1.000000
159-6.jpg,1.000000
159-7.jpg,1.000000
159-8.jpg,1.000000
159-9.jpg,1.000000
159-10.jpg,2.000000
160-1.jpg,3.000000
160-2.jpg,2.000000
160-3.jpg,3.000000
160-4.jpg,4.000000
160-5.jpg,4.000000
160-6.jpg,3.000000
160-7.jpg,3.000000
160-8.jpg,3.000000
160-9.jpg,1.000000
160-10.jpg,1.000000
161-1.jpg,3.000000
161-2.jpg,3.000000
161-3.jpg,3.000000
161-4.jpg,1.000000
161-5.jpg,2.000000
161-6.jpg,3.000000
161-7.jpg,2.000000
161-8.jpg,3.000000
161-9.jpg,3.000000
161-10.jpg,2.000000
162-1.jpg,2.000000
162-2.jpg,1.000000
162-3.jpg,1.000000
162-4.jpg,1.000000
162-5.jpg,1.000000
162-6.jpg,2.000000
162-7.jpg,1.000000
162-8.jpg,2.000000
162-9.jpg,1.000000
162-10.jpg,1.000000
163-1.jpg,1.000000
163-2.jpg,1.000000
163-3.jpg,1.000000
163-4.jpg,1.000000
163-5.jpg,1.000000
163-6.jpg,1.000000
163-7.jpg,1.000000
163-8.jpg,1.000000
163-9.jpg,1.000000
163-10.jpg,1.000000
164-1.jpg,2.000000
164-2.jpg,2.000000
164-3.jpg,1.000000
164-4.jpg,2.000000
164-5.jpg,1.000000
164-6.jpg,2.000000
164-7.jpg,2.000000
164-8.jpg,2.000000
164-9.jpg,1.000000
164-10.jpg,1.000000
165-1.jpg,1.000000
165-2.jpg,2.000000
165-3.jpg,1.000000
165-4.jpg,2.000000
165-5.jpg,3.000000
165-6.jpg,2.000000
165-7.jpg,1.000000
165-8.jpg,3.000000
165-9.jpg,2.000000
165-10.jpg,3.000000
166-1.jpg,4.000000
166-2.jpg,4.000000
166-3.jpg,4.000000
166-4.jpg,4.000000
166-5.jpg,4.000000
166-6.jpg,4.000000
166-7.jpg,4.000000
166-8.jpg,4.000000
166-9.jpg,4.000000
166-10.jpg,4.000000
167-1.jpg,3.000000
167-2.jpg,1.000000
167-3.jpg,3.000000
167-4.jpg,1.000000
167-5.jpg,3.000000
167-6.jpg,1.000000
167-7.jpg,1.000000
167-8.jpg,3.000000
167-9.jpg,2.000000
167-10.jpg,2.000000
168-1.jpg,2.000000
168-2.jpg,3.000000
168-3.jpg,3.000000
168-4.jpg,3.000000
168-5.jpg,2.000000
168-6.jpg,4.000000
168-7.jpg,3.000000
168-8.jpg,2.000000
168-9.jpg,2.000000
168-10.jpg,4.000000
169-1.jpg,2.000000
169-2.jpg,2.000000
169-3.jpg,2.000000
169-4.jpg,2.000000
169-5.jpg,1.000000
169-6.jpg,1.000000
169-7.jpg,1.000000
169-8.jpg,2.000000
169-9.jpg,2.000000
169-10.jpg,2.000000
170-1.jpg,1.000000
170-2.jpg,3.000000
170-3.jpg,3.000000
170-4.jpg,2.000000
170-5.jpg,2.000000
170-6.jpg,1.000000
170-7.jpg,2.000000
170-8.jpg,1.000000
170-9.jpg,1.000000
170-10.jpg,1.000000
171-1.jpg,1.000000
171-2.jpg,1.000000
171-3.jpg,1.000000
171-4.jpg,1.000000
171-5.jpg,1.000000
171-6.jpg,1.000000
171-7.jpg,2.000000
171-8.jpg,1.000000
171-9.jpg,1.000000
171-10.jpg,1.000000
172-1.jpg,1.000000
172-2.jpg,1.000000
172-3.jpg,2.000000
172-4.jpg,1.000000
172-5.jpg,1.000000
172-6.jpg,1.000000
172-7.jpg,2.000000
172-8.jpg,1.000000
172-9.jpg,1.000000
172-10.jpg,2.000000
173-1.jpg,2.000000
173-2.jpg,2.000000
173-3.jpg,2.000000
173-4.jpg,2.000000
173-5.jpg,2.000000
173-6.jpg,1.000000
173-7.jpg,1.000000
173-8.jpg,2.000000
173-9.jpg,1.000000
173-10.jpg,2.000000
174-1.jpg,1.000000
174-2.jpg,1.000000
174-3.jpg,1.000000
174-4.jpg,1.000000
174-5.jpg,2.000000
174-6.jpg,2.000000
174-7.jpg,1.000000
174-8.jpg,1.000000
174-9.jpg,1.000000
174-10.jpg,2.000000
175-1.jpg,4.000000
175-2.jpg,4.000000
175-3.jpg,4.000000
175-4.jpg,4.000000
175-5.jpg,4.000000
175-6.jpg,4.000000
175-7.jpg,4.000000
175-8.jpg,4.000000
175-9.jpg,4.000000
175-10.jpg,4.000000
176-1.jpg,1.000000
176-2.jpg,3.000000
176-3.jpg,3.000000
176-4.jpg,2.000000
176-5.jpg,2.000000
176-6.jpg,2.000000
176-7.jpg,3.000000
176-8.jpg,1.000000
176-9.jpg,1.000000
176-10.jpg,2.000000
177-1.jpg,3.000000
177-2.jpg,2.000000
177-3.jpg,2.000000
177-4.jpg,2.000000
177-5.jpg,3.000000
177-6.jpg,3.000000
177-7.jpg,3.000000
177-8.jpg,3.000000
177-9.jpg,3.000000
177-10.jpg,3.000000
178-1.jpg,2.000000
178-2.jpg,2.000000
178-3.jpg,2.000000
178-4.jpg,1.000000
178-5.jpg,2.000000
178-6.jpg,2.000000
178-7.jpg,2.000000
178-8.jpg,2.000000
178-9.jpg,2.000000
178-10.jpg,2.000000
179-1.jpg,3.000000
179-2.jpg,3.000000
179-3.jpg,2.000000
179-4.jpg,3.000000
179-5.jpg,3.000000
179-6.jpg,3.000000
179-7.jpg,3.000000
179-8.jpg,2.000000
179-9.jpg,2.000000
179-10.jpg,3.000000
180-1.jpg,2.000000
180-2.jpg,3.000000
180-3.jpg,3.000000
180-4.jpg,3.000000
180-5.jpg,2.000000
180-6.jpg,3.000000
180-7.jpg,3.000000
180-8.jpg,3.000000
180-9.jpg,3.000000
180-10.jpg,3.000000
181-1.jpg,1.000000
181-2.jpg,2.000000
181-3.jpg,2.000000
181-4.jpg,2.000000
181-5.jpg,1.000000
181-6.jpg,2.000000
181-7.jpg,2.000000
181-8.jpg,2.000000
181-9.jpg,2.000000
181-10.jpg,2.000000
182-1.jpg,3.000000
182-2.jpg,3.000000
182-3.jpg,3.000000
182-4.jpg,3.000000
182-5.jpg,3.000000
182-6.jpg,2.000000
182-7.jpg,3.000000
182-8.jpg,3.000000
182-9.jpg,3.000000
182-10.jpg,2.000000
183-1.jpg,3.000000
183-2.jpg,3.000000
183-3.jpg,3.000000
183-4.jpg,3.000000
183-5.jpg,2.000000
183-6.jpg,3.000000
183-7.jpg,3.000000
183-8.jpg,3.000000
183-9.jpg,3.000000
183-10.jpg,3.000000
184-1.jpg,2.000000
184-2.jpg,2.000000
184-3.jpg,2.000000
184-4.jpg,2.000000
184-5.jpg,2.000000
184-6.jpg,2.000000
184-7.jpg,2.000000
184-8.jpg,2.000000
184-9.jpg,2.000000
184-10.jpg,2.000000
185-1.jpg,2.000000
185-2.jpg,3.000000
185-3.jpg,2.000000
185-4.jpg,2.000000
185-5.jpg,2.000000
185-6.jpg,2.000000
185-7.jpg,2.000000
185-8.jpg,2.000000
185-9.jpg,3.000000
185-10.jpg,2.000000
186-1.jpg,2.000000
186-2.jpg,2.000000
186-3.jpg,3.000000
186-4.jpg,3.000000
186-5.jpg,2.000000
186-6.jpg,2.000000
186-7.jpg,2.000000
186-8.jpg,3.000000
186-9.jpg,3.000000
186-10.jpg,3.000000
187-1.jpg,3.000000
187-2.jpg,2.000000
187-3.jpg,2.000000
187-4.jpg,2.000000
187-5.jpg,3.000000
187-6.jpg,2.000000
187-7.jpg,2.000000
187-8.jpg,3.000000
187-9.jpg,2.000000
187-10.jpg,3.000000
188-1.jpg,2.000000
188-2.jpg,2.000000
188-3.jpg,2.000000
188-4.jpg,2.000000
188-5.jpg,2.000000
188-6.jpg,2.000000
188-7.jpg,2.000000
188-8.jpg,2.000000
188-9.jpg,2.000000
188-10.jpg,2.000000
189-1.jpg,2.000000
189-2.jpg,2.000000
189-3.jpg,2.000000
189-4.jpg,3.000000
189-5.jpg,1.000000
189-6.jpg,2.000000
189-7.jpg,2.000000
189-8.jpg,2.000000
189-9.jpg,3.000000
189-10.jpg,3.000000
190-1.jpg,3.000000
190-2.jpg,2.000000
190-3.jpg,3.000000
190-4.jpg,3.000000
190-5.jpg,3.000000
190-6.jpg,3.000000
190-7.jpg,3.000000
190-8.jpg,3.000000
190-9.jpg,3.000000
190-10.jpg,3.000000
191-1.jpg,1.000000
191-2.jpg,2.000000
191-3.jpg,2.000000
191-4.jpg,1.000000
191-5.jpg,1.000000
191-6.jpg,2.000000
191-7.jpg,1.000000
191-8.jpg,2.000000
191-9.jpg,1.000000
191-10.jpg,2.000000
192-1.jpg,2.000000
192-2.jpg,2.000000
192-3.jpg,2.000000
192-4.jpg,2.000000
192-5.jpg,2.000000
192-6.jpg,3.000000
192-7.jpg,3.000000
192-8.jpg,3.000000
192-9.jpg,2.000000
192-10.jpg,2.000000
193-1.jpg,1.000000
193-2.jpg,1.000000
193-3.jpg,1.000000
193-4.jpg,1.000000
193-5.jpg,2.000000
193-6.jpg,1.000000
193-7.jpg,1.000000
193-8.jpg,1.000000
193-9.jpg,1.000000
193-10.jpg,2.000000
194-1.jpg,2.000000
194-2.jpg,2.000000
194-3.jpg,2.000000
194-4.jpg,1.000000
194-5.jpg,2.000000
194-6.jpg,1.000000
194-7.jpg,2.000000
194-8.jpg,2.000000
194-9.jpg,2.000000
194-10.jpg,2.000000
195-1.jpg,2.000000
195-2.jpg,2.000000
195-3.jpg,2.000000
195-4.jpg,2.000000
195-5.jpg,2.000000
195-6.jpg,2.000000
195-7.jpg,2.000000
195-8.jpg,2.000000
195-9.jpg,2.000000
195-10.jpg,2.000000
196-1.jpg,2.000000
196-2.jpg,2.000000
196-3.jpg,2.000000
196-4.jpg,2.000000
196-5.jpg,1.000000
196-6.jpg,2.000000
196-7.jpg,2.000000
196-8.jpg,2.000000
196-9.jpg,2.000000
196-10.jpg,2.000000
197-1.jpg,3.000000
197-2.jpg,1.000000
197-3.jpg,3.000000
197-4.jpg,1.000000
197-5.jpg,2.000000
197-6.jpg,2.000000
197-7.jpg,2.000000
197-8.jpg,2.000000
197-9.jpg,1.000000
197-10.jpg,3.000000
198-1.jpg,3.000000
198-2.jpg,2.000000
198-3.jpg,1.000000
198-4.jpg,2.000000
198-5.jpg,3.000000
198-6.jpg,3.000000
198-7.jpg,3.000000
198-8.jpg,2.000000
198-9.jpg,3.000000
198-10.jpg,3.000000
199-1.jpg,1.000000
199-2.jpg,1.000000
199-3.jpg,2.000000
199-4.jpg,2.000000
199-5.jpg,2.000000
199-6.jpg,1.000000
199-7.jpg,2.000000
199-8.jpg,1.000000
199-9.jpg,2.000000
199-10.jpg,1.000000
200-1.jpg,2.000000
200-2.jpg,2.000000
200-3.jpg,2.000000
200-4.jpg,1.000000
200-5.jpg,1.000000
200-6.jpg,2.000000
200-7.jpg,2.000000
200-8.jpg,1.000000
200-9.jpg,1.000000
200-10.jpg,1.000000
201-1.jpg,2.000000
201-2.jpg,1.000000
201-3.jpg,1.000000
201-4.jpg,1.000000
201-5.jpg,1.000000
201-6.jpg,2.000000
201-7.jpg,1.000000
201-8.jpg,1.000000
201-9.jpg,2.000000
201-10.jpg,1.000000
202-1.jpg,1.000000
202-2.jpg,3.000000
202-3.jpg,3.000000
202-4.jpg,3.000000
202-5.jpg,3.000000
202-6.jpg,2.000000
202-7.jpg,3.000000
202-8.jpg,2.000000
202-9.jpg,3.000000
202-10.jpg,1.000000
203-1.jpg,3.000000
203-2.jpg,3.000000
203-3.jpg,3.000000
203-4.jpg,3.000000
203-5.jpg,3.000000
203-6.jpg,3.000000
203-7.jpg,3.000000
203-8.jpg,3.000000
203-9.jpg,3.000000
203-10.jpg,3.000000
204-1.jpg,2.000000
204-2.jpg,2.000000
204-3.jpg,2.000000
204-4.jpg,2.000000
204-5.jpg,2.000000
204-6.jpg,2.000000
204-7.jpg,2.000000
204-8.jpg,3.000000
204-9.jpg,2.000000
204-10.jpg,2.000000
205-1.jpg,1.000000
205-2.jpg,1.000000
205-3.jpg,1.000000
205-4.jpg,1.000000
205-5.jpg,1.000000
205-6.jpg,1.000000
205-7.jpg,1.000000
205-8.jpg,1.000000
205-9.jpg,2.000000
205-10.jpg,1.000000
206-1.jpg,3.000000
206-2.jpg,3.000000
206-3.jpg,3.000000
206-4.jpg,2.000000
206-5.jpg,3.000000
206-6.jpg,3.000000
206-7.jpg,2.000000
206-8.jpg,3.000000
206-9.jpg,3.000000
206-10.jpg,3.000000
207-1.jpg,2.000000
207-2.jpg,2.000000
207-3.jpg,3.000000
207-4.jpg,2.000000
207-5.jpg,3.000000
207-6.jpg,3.000000
207-7.jpg,3.000000
207-8.jpg,3.000000
207-9.jpg,3.000000
207-10.jpg,3.000000
208-1.jpg,3.000000
208-2.jpg,3.000000
208-3.jpg,4.000000
208-4.jpg,3.000000
208-5.jpg,3.000000
208-6.jpg,3.000000
208-7.jpg,3.000000
208-8.jpg,3.000000
208-9.jpg,3.000000
208-10.jpg,3.000000
209-1.jpg,1.000000
209-2.jpg,1.000000
209-3.jpg,2.000000
209-4.jpg,2.000000
209-5.jpg,1.000000
209-6.jpg,2.000000
209-7.jpg,2.000000
209-8.jpg,2.000000
209-9.jpg,2.000000
209-10.jpg,2.000000
210-1.jpg,3.000000
210-2.jpg,3.000000
210-3.jpg,3.000000
210-4.jpg,3.000000
210-5.jpg,3.000000
210-6.jpg,1.000000
210-7.jpg,3.000000
210-8.jpg,3.000000
210-9.jpg,2.000000
210-10.jpg,3.000000
211-1.jpg,2.000000
211-2.jpg,2.000000
211-3.jpg,2.000000
211-4.jpg,2.000000
211-5.jpg,1.000000
211-6.jpg,2.000000
211-7.jpg,2.000000
211-8.jpg,2.000000
211-9.jpg,1.000000
211-10.jpg,1.000000
212-1.jpg,4.000000
212-2.jpg,3.000000
212-3.jpg,4.000000
212-4.jpg,4.000000
212-5.jpg,4.000000
212-6.jpg,3.000000
212-7.jpg,4.000000
212-8.jpg,4.000000
212-9.jpg,1.000000
212-10.jpg,4.000000
213-1.jpg,2.000000
213-2.jpg,2.000000
213-3.jpg,2.000000
213-4.jpg,2.000000
213-5.jpg,2.000000
213-6.jpg,2.000000
213-7.jpg,2.000000
213-8.jpg,2.000000
213-9.jpg,2.000000
213-10.jpg,2.000000
214-1.jpg,1.000000
214-2.jpg,2.000000
214-3.jpg,1.000000
214-4.jpg,2.000000
214-5.jpg,1.000000
214-6.jpg,2.000000
214-7.jpg,2.000000
214-8.jpg,2.000000
214-9.jpg,2.000000
214-10.jpg,1.000000
215-1.jpg,4.000000
215-2.jpg,4.000000
215-3.jpg,4.000000
215-4.jpg,4.000000
215-5.jpg,4.000000
215-6.jpg,4.000000
215-7.jpg,4.000000
215-8.jpg,4.000000
215-9.jpg,4.000000
215-10.jpg,4.000000
216-1.jpg,3.000000
216-2.jpg,2.000000
216-3.jpg,3.000000
216-4.jpg,3.000000
216-5.jpg,4.000000
216-6.jpg,4.000000
216-7.jpg,4.000000
216-8.jpg,2.000000
216-9.jpg,3.000000
216-10.jpg,3.000000
217-1.jpg,4.000000
217-2.jpg,4.000000
217-3.jpg,4.000000
217-4.jpg,4.000000
217-5.jpg,4.000000
217-6.jpg,4.000000
217-7.jpg,4.000000
217-8.jpg,4.000000
217-9.jpg,4.000000
217-10.jpg,4.000000
218-1.jpg,4.000000
218-2.jpg,4.000000
218-3.jpg,4.000000
218-4.jpg,4.000000
218-5.jpg,4.000000
218-6.jpg,4.000000
218-7.jpg,4.000000
218-8.jpg,4.000000
218-9.jpg,4.000000
218-10.jpg,4.000000
219-1.jpg,2.000000
219-2.jpg,2.000000
219-3.jpg,2.000000
219-4.jpg,1.000000
219-5.jpg,2.000000
219-6.jpg,2.000000
219-7.jpg,1.000000
219-8.jpg,1.000000
219-9.jpg,2.000000
219-10.jpg,1.000000
220-1.jpg,4.000000
220-2.jpg,4.000000
220-3.jpg,4.000000
220-4.jpg,4.000000
220-5.jpg,4.000000
220-6.jpg,4.000000
220-7.jpg,4.000000
220-8.jpg,4.000000
220-9.jpg,2.000000
220-10.jpg,4.000000
221-1.jpg,4.000000
221-2.jpg,4.000000
221-3.jpg,4.000000
221-4.jpg,4.000000
221-5.jpg,4.000000
221-6.jpg,4.000000
221-7.jpg,4.000000
221-8.jpg,4.000000
221-9.jpg,4.000000
221-10.jpg,4.000000
222-1.jpg,4.000000
222-2.jpg,4.000000
222-3.jpg,4.000000
222-4.jpg,4.000000
222-5.jpg,4.000000
222-6.jpg,1.000000
222-7.jpg,1.000000
222-8.jpg,4.000000
222-9.jpg,4.000000
222-10.jpg,4.000000
223-1.jpg,1.000000
223-2.jpg,1.000000
223-3.jpg,2.000000
223-4.jpg,2.000000
223-5.jpg,1.000000
223-6.jpg,1.000000
223-7.jpg,1.000000
223-8.jpg,1.000000
223-9.jpg,1.000000
223-10.jpg,2.000000
224-1.jpg,2.000000
224-2.jpg,2.000000
224-3.jpg,1.000000
224-4.jpg,2.000000
224-5.jpg,2.000000
224-6.jpg,2.000000
224-7.jpg,2.000000
224-8.jpg,2.000000
224-9.jpg,2.000000
224-10.jpg,2.000000
225-1.jpg,1.000000
225-2.jpg,1.000000
225-3.jpg,2.000000
225-4.jpg,1.000000
225-5.jpg,2.000000
225-6.jpg,2.000000
225-7.jpg,2.000000
225-8.jpg,1.000000
225-9.jpg,1.000000
225-10.jpg,2.000000
226-1.jpg,1.000000
226-2.jpg,1.000000
226-3.jpg,1.000000
226-4.jpg,1.000000
226-5.jpg,1.000000
226-6.jpg,1.000000
226-7.jpg,1.000000
226-8.jpg,1.000000
226-9.jpg,1.000000
226-10.jpg,1.000000
227-1.jpg,2.000000
227-2.jpg,3.000000
227-3.jpg,2.000000
227-4.jpg,2.000000
227-5.jpg,2.000000
227-6.jpg,3.000000
227-7.jpg,2.000000
227-8.jpg,2.000000
227-9.jpg,2.000000
227-10.jpg,2.000000
228-1.jpg,1.000000
228-2.jpg,2.000000
228-3.jpg,2.000000
228-4.jpg,2.000000
228-5.jpg,2.000000
228-6.jpg,2.000000
228-7.jpg,2.000000
228-8.jpg,2.000000
228-9.jpg,2.000000
228-10.jpg,2.000000
229-1.jpg,1.000000
229-2.jpg,4.000000
229-3.jpg,3.000000
229-4.jpg,3.000000
229-5.jpg,4.000000
229-6.jpg,3.000000
229-7.jpg,4.000000
229-8.jpg,4.000000
229-9.jpg,4.000000
229-10.jpg,3.000000
230-1.jpg,3.000000
230-2.jpg,4.000000
230-3.jpg,3.000000
230-4.jpg,4.000000
230-5.jpg,4.000000
230-6.jpg,3.000000
230-7.jpg,4.000000
230-8.jpg,4.000000
230-9.jpg,4.000000
230-10.jpg,4.000000
231-1.jpg,1.000000
231-2.jpg,2.000000
231-3.jpg,2.000000
231-4.jpg,1.000000
231-5.jpg,2.000000
231-6.jpg,2.000000
231-7.jpg,2.000000
231-8.jpg,2.000000
231-9.jpg,2.000000
231-10.jpg,2.000000
232-1.jpg,2.000000
232-2.jpg,1.000000
232-3.jpg,2.000000
232-4.jpg,2.000000
232-5.jpg,2.000000
232-6.jpg,2.000000
232-7.jpg,1.000000
232-8.jpg,2.000000
232-9.jpg,2.000000
232-10.jpg,2.000000
233-1.jpg,4.000000
233-2.jpg,4.000000
233-3.jpg,4.000000
233-4.jpg,4.000000
233-5.jpg,3.000000
233-6.jpg,4.000000
233-7.jpg,4.000000
233-8.jpg,4.000000
233-9.jpg,4.000000
233-10.jpg,4.000000
234-1.jpg,2.000000
234-2.jpg,2.000000
234-3.jpg,2.000000
234-4.jpg,1.000000
234-5.jpg,1.000000
234-6.jpg,1.000000
234-7.jpg,1.000000
234-8.jpg,1.000000
234-9.jpg,2.000000
234-10.jpg,2.000000
235-1.jpg,1.000000
235-2.jpg,1.000000
235-3.jpg,1.000000
235-4.jpg,1.000000
235-5.jpg,1.000000
235-6.jpg,1.000000
235-7.jpg,1.000000
235-8.jpg,1.000000
235-9.jpg,1.000000
235-10.jpg,1.000000
236-1.jpg,2.000000
236-2.jpg,4.000000
236-3.jpg,3.000000
236-4.jpg,3.000000
236-5.jpg,2.000000
236-6.jpg,4.000000
236-7.jpg,3.000000
236-8.jpg,4.000000
236-9.jpg,4.000000
236-10.jpg,4.000000
237-1.jpg,4.000000
237-2.jpg,4.000000
237-3.jpg,4.000000
237-4.jpg,4.000000
237-5.jpg,4.000000
237-6.jpg,4.000000
237-7.jpg,2.000000
237-8.jpg,2.000000
237-9.jpg,4.000000
237-10.jpg,4.000000
238-1.jpg,3.000000
238-2.jpg,3.000000
238-3.jpg,3.000000
238-4.jpg,3.000000
238-5.jpg,1.000000
238-6.jpg,3.000000
238-7.jpg,1.000000
238-8.jpg,3.000000
238-9.jpg,3.000000
238-10.jpg,3.000000
239-1.jpg,3.000000
239-2.jpg,3.000000
239-3.jpg,3.000000
239-4.jpg,3.000000
239-5.jpg,3.000000
239-6.jpg,3.000000
239-7.jpg,2.000000
239-8.jpg,3.000000
239-9.jpg,3.000000
239-10.jpg,2.000000
240-1.jpg,1.000000
240-2.jpg,2.000000
240-3.jpg,1.000000
240-4.jpg,2.000000
240-5.jpg,1.000000
240-6.jpg,2.000000
240-7.jpg,2.000000
240-8.jpg,2.000000
240-9.jpg,3.000000
240-10.jpg,2.000000
241-1.jpg,3.000000
241-2.jpg,3.000000
241-3.jpg,3.000000
241-4.jpg,3.000000
241-5.jpg,3.000000
241-6.jpg,3.000000
241-7.jpg,3.000000
241-8.jpg,3.000000
241-9.jpg,3.000000
241-10.jpg,3.000000
242-1.jpg,4.000000
242-2.jpg,3.000000
242-3.jpg,4.000000
242-4.jpg,4.000000
242-5.jpg,3.000000
242-6.jpg,3.000000
242-7.jpg,4.000000
242-8.jpg,3.000000
242-9.jpg,4.000000
242-10.jpg,4.000000
243-1.jpg,2.000000
243-2.jpg,1.000000
243-3.jpg,2.000000
243-4.jpg,2.000000
243-5.jpg,2.000000
243-6.jpg,1.000000
243-7.jpg,1.000000
243-8.jpg,2.000000
243-9.jpg,2.000000
243-10.jpg,2.000000
244-1.jpg,4.000000
244-2.jpg,4.000000
244-3.jpg,4.000000
244-4.jpg,4.000000
244-5.jpg,4.000000
244-6.jpg,4.000000
244-7.jpg,4.000000
244-8.jpg,4.000000
244-9.jpg,4.000000
244-10.jpg,4.000000
245-1.jpg,4.000000
245-2.jpg,4.000000
245-3.jpg,4.000000
245-4.jpg,4.000000
245-5.jpg,4.000000
245-6.jpg,4.000000
245-7.jpg,4.000000
245-8.jpg,4.000000
245-9.jpg,4.000000
245-10.jpg,4.000000
246-1.jpg,4.000000
246-2.jpg,3.000000
246-3.jpg,2.000000
246-4.jpg,4.000000
246-5.jpg,3.000000
246-6.jpg,3.000000
246-7.jpg,2.000000
246-8.jpg,2.000000
246-9.jpg,2.000000
246-10.jpg,4.000000
247-1.jpg,3.000000
247-2.jpg,2.000000
247-3.jpg,2.000000
247-4.jpg,2.000000
247-5.jpg,3.000000
247-6.jpg,3.000000
247-7.jpg,3.000000
247-8.jpg,2.000000
247-9.jpg,3.000000
247-10.jpg,3.000000
248-1.jpg,1.000000
248-2.jpg,1.000000
248-3.jpg,1.000000
248-4.jpg,1.000000
248-5.jpg,1.000000
248-6.jpg,1.000000
248-7.jpg,1.000000
248-8.jpg,1.000000
248-9.jpg,1.000000
248-10.jpg,1.000000
249-1.jpg,4.000000
249-2.jpg,4.000000
249-3.jpg,3.000000
249-4.jpg,2.000000
249-5.jpg,4.000000
249-6.jpg,4.000000
249-7.jpg,4.000000
249-8.jpg,4.000000
249-9.jpg,4.000000
249-10.jpg,4.000000
250-1.jpg,1.000000
250-2.jpg,3.000000
250-3.jpg,3.000000
250-4.jpg,1.000000
250-5.jpg,1.000000
250-6.jpg,1.000000
250-7.jpg,1.000000
250-8.jpg,2.000000
250-9.jpg,1.000000
250-10.jpg,1.000000
251-1.jpg,4.000000
251-2.jpg,4.000000
251-3.jpg,4.000000
251-4.jpg,4.000000
251-5.jpg,4.000000
251-6.jpg,4.000000
251-7.jpg,4.000000
251-8.jpg,4.000000
251-9.jpg,4.000000
251-10.jpg,4.000000
252-1.jpg,2.000000
252-2.jpg,3.000000
252-3.jpg,2.000000
252-4.jpg,3.000000
252-5.jpg,2.000000
252-6.jpg,1.000000
252-7.jpg,1.000000
252-8.jpg,3.000000
252-9.jpg,2.000000
252-10.jpg,2.000000
253-1.jpg,1.000000
253-2.jpg,2.000000
253-3.jpg,2.000000
253-4.jpg,2.000000
253-5.jpg,1.000000
253-6.jpg,1.000000
253-7.jpg,2.000000
253-8.jpg,3.000000
253-9.jpg,2.000000
253-10.jpg,1.000000
254-1.jpg,3.000000
254-2.jpg,3.000000
254-3.jpg,4.000000
254-4.jpg,3.000000
254-5.jpg,3.000000
254-6.jpg,4.000000
254-7.jpg,4.000000
254-8.jpg,4.000000
254-9.jpg,4.000000
254-10.jpg,4.000000
255-1.jpg,4.000000
255-2.jpg,4.000000
255-3.jpg,4.000000
255-4.jpg,4.000000
255-5.jpg,4.000000
255-6.jpg,4.000000
255-7.jpg,4.000000
255-8.jpg,4.000000
255-9.jpg,4.000000
255-10.jpg,4.000000
256-1.jpg,3.000000
256-2.jpg,2.000000
256-3.jpg,2.000000
256-4.jpg,2.000000
256-5.jpg,1.000000
256-6.jpg,3.000000
256-7.jpg,2.000000
256-8.jpg,2.000000
256-9.jpg,1.000000
256-10.jpg,1.000000
257-1.jpg,4.000000
257-2.jpg,4.000000
257-3.jpg,4.000000
257-4.jpg,3.000000
257-5.jpg,4.000000
257-6.jpg,4.000000
257-7.jpg,4.000000
257-8.jpg,4.000000
257-9.jpg,3.000000
257-10.jpg,4.000000
258-1.jpg,4.000000
258-2.jpg,4.000000
258-3.jpg,3.000000
258-4.jpg,4.000000
258-5.jpg,4.000000
258-6.jpg,4.000000
258-7.jpg,4.000000
258-8.jpg,4.000000
258-9.jpg,4.000000
258-10.jpg,3.000000
259-1.jpg,4.000000
259-2.jpg,3.000000
259-3.jpg,4.000000
259-4.jpg,4.000000
259-5.jpg,4.000000
259-6.jpg,4.000000
259-7.jpg,3.000000
259-8.jpg,3.000000
259-9.jpg,4.000000
259-10.jpg,4.000000
260-1.jpg,1.000000
260-2.jpg,2.000000
260-3.jpg,2.000000
260-4.jpg,2.000000
260-5.jpg,2.000000
260-6.jpg,2.000000
260-7.jpg,2.000000
260-8.jpg,2.000000
260-9.jpg,3.000000
260-10.jpg,2.000000
261-1.jpg,1.000000
261-2.jpg,3.000000
261-3.jpg,1.000000
261-4.jpg,4.000000
261-5.jpg,2.000000
261-6.jpg,3.000000
261-7.jpg,1.000000
261-8.jpg,4.000000
261-9.jpg,2.000000
261-10.jpg,1.000000
262-1.jpg,2.000000
262-2.jpg,2.000000
262-3.jpg,2.000000
262-4.jpg,2.000000
262-5.jpg,2.000000
262-6.jpg,1.000000
262-7.jpg,2.000000
262-8.jpg,2.000000
262-9.jpg,2.000000
262-10.jpg,2.000000
263-1.jpg,4.000000
263-2.jpg,4.000000
263-3.jpg,4.000000
263-4.jpg,4.000000
263-5.jpg,4.000000
263-6.jpg,4.000000
263-7.jpg,4.000000
263-8.jpg,3.000000
263-9.jpg,4.000000
263-10.jpg,4.000000
264-1.jpg,4.000000
264-2.jpg,4.000000
264-3.jpg,4.000000
264-4.jpg,3.000000
264-5.jpg,4.000000
264-6.jpg,4.000000
264-7.jpg,4.000000
264-8.jpg,4.000000
264-9.jpg,4.000000
264-10.jpg,4.000000
265-1.jpg,2.000000
265-2.jpg,2.000000
265-3.jpg,2.000000
265-4.jpg,2.000000
265-5.jpg,2.000000
265-6.jpg,3.000000
265-7.jpg,2.000000
265-8.jpg,2.000000
265-9.jpg,2.000000
265-10.jpg,2.000000
266-1.jpg,3.000000
266-2.jpg,3.000000
266-3.jpg,4.000000
266-4.jpg,3.000000
266-5.jpg,2.000000
266-6.jpg,2.000000
266-7.jpg,2.000000
266-8.jpg,1.000000
266-9.jpg,3.000000
266-10.jpg,2.000000
267-1.jpg,3.000000
267-2.jpg,3.000000
267-3.jpg,3.000000
267-4.jpg,3.000000
267-5.jpg,2.000000
267-6.jpg,2.000000
267-7.jpg,2.000000
267-8.jpg,3.000000
267-9.jpg,2.000000
267-10.jpg,2.000000
268-1.jpg,4.000000
268-2.jpg,4.000000
268-3.jpg,4.000000
268-4.jpg,4.000000
268-5.jpg,4.000000
268-6.jpg,4.000000
268-7.jpg,4.000000
268-8.jpg,4.000000
268-9.jpg,4.000000
268-10.jpg,4.000000
269-1.jpg,1.000000
269-2.jpg,1.000000
269-3.jpg,1.000000
269-4.jpg,1.000000
269-5.jpg,1.000000
269-6.jpg,1.000000
269-7.jpg,1.000000
269-8.jpg,1.000000
269-9.jpg,1.000000
269-10.jpg,1.000000
270-1.jpg,1.000000
270-2.jpg,3.000000
270-3.jpg,2.000000
270-4.jpg,2.000000
270-5.jpg,1.000000
270-6.jpg,4.000000
270-7.jpg,1.000000
270-8.jpg,1.000000
270-9.jpg,4.000000
270-10.jpg,4.000000
271-1.jpg,3.000000
271-2.jpg,4.000000
271-3.jpg,3.000000
271-4.jpg,3.000000
271-5.jpg,3.000000
271-6.jpg,3.000000
271-7.jpg,4.000000
271-8.jpg,2.000000
271-9.jpg,3.000000
271-10.jpg,3.000000
272-1.jpg,3.000000
272-2.jpg,2.000000
272-3.jpg,4.000000
272-4.jpg,4.000000
272-5.jpg,4.000000
272-6.jpg,4.000000
272-7.jpg,4.000000
272-8.jpg,2.000000
272-9.jpg,1.000000
272-10.jpg,3.000000
273-1.jpg,2.000000
273-2.jpg,3.000000
273-3.jpg,2.000000
273-4.jpg,2.000000
273-5.jpg,3.000000
273-6.jpg,2.000000
273-7.jpg,2.000000
273-8.jpg,2.000000
273-9.jpg,3.000000
273-10.jpg,2.000000
274-1.jpg,4.000000
274-2.jpg,4.000000
274-3.jpg,4.000000
274-4.jpg,4.000000
274-5.jpg,3.000000
274-6.jpg,4.000000
274-7.jpg,3.000000
274-8.jpg,3.000000
274-9.jpg,3.000000
274-10.jpg,4.000000
275-1.jpg,4.000000
275-2.jpg,4.000000
275-3.jpg,2.000000
275-4.jpg,2.000000
275-5.jpg,3.000000
275-6.jpg,2.000000
275-7.jpg,3.000000
275-8.jpg,3.000000
275-9.jpg,2.000000
275-10.jpg,2.000000
276-1.jpg,4.000000
276-2.jpg,4.000000
276-3.jpg,4.000000
276-4.jpg,3.000000
276-5.jpg,3.000000
276-6.jpg,4.000000
276-7.jpg,4.000000
276-8.jpg,3.000000
276-9.jpg,3.000000
276-10.jpg,4.000000
277-1.jpg,4.000000
277-2.jpg,3.000000
277-3.jpg,4.000000
277-4.jpg,3.000000
277-5.jpg,2.000000
277-6.jpg,3.000000
277-7.jpg,3.000000
277-8.jpg,1.000000
277-9.jpg,4.000000
277-10.jpg,3.000000
278-1.jpg,3.000000
278-2.jpg,4.000000
278-3.jpg,3.000000
278-4.jpg,4.000000
278-5.jpg,3.000000
278-6.jpg,3.000000
278-7.jpg,3.000000
278-8.jpg,3.000000
278-9.jpg,4.000000
278-10.jpg,4.000000
279-1.jpg,3.000000
279-2.jpg,3.000000
279-3.jpg,3.000000
279-4.jpg,2.000000
279-5.jpg,3.000000
279-6.jpg,2.000000
279-7.jpg,3.000000
279-8.jpg,2.000000
279-9.jpg,3.000000
279-10.jpg,4.000000
280-1.jpg,4.000000
280-2.jpg,4.000000
280-3.jpg,4.000000
280-4.jpg,4.000000
280-5.jpg,3.000000
280-6.jpg,4.000000
280-7.jpg,4.000000
280-8.jpg,4.000000
280-9.jpg,4.000000
280-10.jpg,3.000000
281-1.jpg,4.000000
281-2.jpg,4.000000
281-3.jpg,4.000000
281-4.jpg,4.000000
281-5.jpg,4.000000
281-6.jpg,4.000000
281-7.jpg,4.000000
281-8.jpg,4.000000
281-9.jpg,4.000000
281-10.jpg,4.000000
282-1.jpg,3.000000
282-2.jpg,3.000000
282-3.jpg,1.000000
282-4.jpg,2.000000
282-5.jpg,3.000000
282-6.jpg,3.000000
282-7.jpg,1.000000
282-8.jpg,3.000000
282-9.jpg,1.000000
282-10.jpg,2.000000
283-1.jpg,3.000000
283-2.jpg,3.000000
283-3.jpg,2.000000
283-4.jpg,2.000000
283-5.jpg,2.000000
283-6.jpg,3.000000
283-7.jpg,3.000000
283-8.jpg,2.000000
283-9.jpg,3.000000
283-10.jpg,2.000000
284-1.jpg,2.000000
284-2.jpg,2.000000
284-3.jpg,2.000000
284-4.jpg,2.000000
284-5.jpg,2.000000
284-6.jpg,2.000000
284-7.jpg,2.000000
284-8.jpg,2.000000
284-9.jpg,2.000000
284-10.jpg,2.000000
285-1.jpg,4.000000
285-2.jpg,4.000000
285-3.jpg,4.000000
285-4.jpg,4.000000
285-5.jpg,4.000000
285-6.jpg,4.000000
285-7.jpg,4.000000
285-8.jpg,4.000000
285-9.jpg,4.000000
285-10.jpg,4.000000
286-1.jpg,4.000000
286-2.jpg,4.000000
286-3.jpg,4.000000
286-4.jpg,4.000000
286-5.jpg,4.000000
286-6.jpg,4.000000
286-7.jpg,4.000000
286-8.jpg,3.000000
286-9.jpg,4.000000
286-10.jpg,4.000000
287-1.jpg,4.000000
287-2.jpg,4.000000
287-3.jpg,4.000000
287-4.jpg,4.000000
287-5.jpg,4.000000
287-6.jpg,4.000000
287-7.jpg,4.000000
287-8.jpg,4.000000
287-9.jpg,4.000000
287-10.jpg,4.000000
288-1.jpg,1.000000
288-2.jpg,2.000000
288-3.jpg,2.000000
288-4.jpg,1.000000
288-5.jpg,2.000000
288-6.jpg,2.000000
288-7.jpg,1.000000
288-8.jpg,1.000000
288-9.jpg,1.000000
288-10.jpg,1.000000
289-1.jpg,4.000000
289-2.jpg,2.000000
289-3.jpg,1.000000
289-4.jpg,2.000000
289-5.jpg,2.000000
289-6.jpg,1.000000
289-7.jpg,1.000000
289-8.jpg,1.000000
289-9.jpg,1.000000
289-10.jpg,2.000000
290-1.jpg,2.000000
290-2.jpg,2.000000
290-3.jpg,1.000000
290-4.jpg,3.000000
290-5.jpg,2.000000
290-6.jpg,2.000000
290-7.jpg,2.000000
290-8.jpg,3.000000
290-9.jpg,2.000000
290-10.jpg,2.000000
291-1.jpg,2.000000
291-2.jpg,2.000000
291-3.jpg,3.000000
291-4.jpg,3.000000
291-5.jpg,3.000000
291-6.jpg,3.000000
291-7.jpg,4.000000
291-8.jpg,3.000000
291-9.jpg,4.000000
291-10.jpg,2.000000
292-1.jpg,1.000000
292-2.jpg,1.000000
292-3.jpg,1.000000
292-4.jpg,2.000000
292-5.jpg,1.000000
292-6.jpg,2.000000
292-7.jpg,1.000000
292-8.jpg,1.000000
292-9.jpg,1.000000
292-10.jpg,1.000000
293-1.jpg,2.000000
293-2.jpg,2.000000
293-3.jpg,2.000000
293-4.jpg,1.000000
293-5.jpg,2.000000
293-6.jpg,1.000000
293-7.jpg,2.000000
293-8.jpg,1.000000
293-9.jpg,2.000000
293-10.jpg,2.000000
294-1.jpg,4.000000
294-2.jpg,4.000000
294-3.jpg,4.000000
294-4.jpg,4.000000
294-5.jpg,4.000000
294-6.jpg,4.000000
294-7.jpg,4.000000
294-8.jpg,4.000000
294-9.jpg,4.000000
294-10.jpg,4.000000
295-1.jpg,4.000000
295-2.jpg,4.000000
295-3.jpg,4.000000
295-4.jpg,4.000000
295-5.jpg,4.000000
295-6.jpg,4.000000
295-7.jpg,4.000000
295-8.jpg,4.000000
295-9.jpg,3.000000
295-10.jpg,4.000000
296-1.jpg,1.000000
296-2.jpg,1.000000
296-3.jpg,2.000000
296-4.jpg,2.000000
296-5.jpg,2.000000
296-6.jpg,2.000000
296-7.jpg,2.000000
296-8.jpg,2.000000
296-9.jpg,2.000000
296-10.jpg,2.000000
297-1.jpg,4.000000
297-2.jpg,1.000000
297-3.jpg,3.000000
297-4.jpg,1.000000
297-5.jpg,2.000000
297-6.jpg,4.000000
297-7.jpg,4.000000
297-8.jpg,1.000000
297-9.jpg,4.000000
297-10.jpg,4.000000
298-1.jpg,4.000000
298-2.jpg,2.000000
298-3.jpg,4.000000
298-4.jpg,4.000000
298-5.jpg,4.000000
298-6.jpg,4.000000
298-7.jpg,4.000000
298-8.jpg,4.000000
298-9.jpg,4.000000
298-10.jpg,4.000000
299-1.jpg,4.000000
299-2.jpg,4.000000
299-3.jpg,4.000000
299-4.jpg,4.000000
299-5.jpg,4.000000
299-6.jpg,4.000000
299-7.jpg,4.000000
299-8.jpg,4.000000
299-9.jpg,4.000000
299-10.jpg,4.000000
300-1.jpg,4.000000
300-2.jpg,4.000000
300-3.jpg,4.000000
300-4.jpg,4.000000
300-5.jpg,4.000000
300-6.jpg,4.000000
300-7.jpg,4.000000
300-8.jpg,4.000000
300-9.jpg,4.000000
300-10.jpg,4.000000
301-1.jpg,3.000000
301-2.jpg,3.000000
301-3.jpg,3.000000
301-4.jpg,2.000000
301-5.jpg,1.000000
301-6.jpg,1.000000
301-7.jpg,2.000000
301-8.jpg,3.000000
301-9.jpg,2.000000
301-10.jpg,2.000000
302-1.jpg,2.000000
302-2.jpg,2.000000
302-3.jpg,2.000000
302-4.jpg,3.000000
302-5.jpg,2.000000
302-6.jpg,3.000000
302-7.jpg,3.000000
302-8.jpg,3.000000
302-9.jpg,3.000000
302-10.jpg,2.000000
303-1.jpg,4.000000
303-2.jpg,4.000000
303-3.jpg,4.000000
303-4.jpg,4.000000
303-5.jpg,3.000000
303-6.jpg,4.000000
303-7.jpg,4.000000
303-8.jpg,4.000000
303-9.jpg,3.000000
303-10.jpg,3.000000
304-1.jpg,1.000000
304-2.jpg,2.000000
304-3.jpg,2.000000
304-4.jpg,2.000000
304-5.jpg,2.000000
304-6.jpg,2.000000
304-7.jpg,2.000000
304-8.jpg,2.000000
304-9.jpg,1.000000
304-10.jpg,1.000000
305-1.jpg,3.000000
305-2.jpg,3.000000
305-3.jpg,3.000000
305-4.jpg,3.000000
305-5.jpg,3.000000
305-6.jpg,3.000000
305-7.jpg,3.000000
305-8.jpg,3.000000
305-9.jpg,3.000000
305-10.jpg,3.000000
306-1.jpg,2.000000
306-2.jpg,1.000000
306-3.jpg,1.000000
306-4.jpg,1.000000
306-5.jpg,2.000000
306-6.jpg,2.000000
306-7.jpg,2.000000
306-8.jpg,2.000000
306-9.jpg,2.000000
306-10.jpg,2.000000
307-1.jpg,3.000000
307-2.jpg,3.000000
307-3.jpg,3.000000
307-4.jpg,3.000000
307-5.jpg,3.000000
307-6.jpg,2.000000
307-7.jpg,3.000000
307-8.jpg,3.000000
307-9.jpg,3.000000
307-10.jpg,3.000000
308-1.jpg,2.000000
308-2.jpg,1.000000
308-3.jpg,2.000000
308-4.jpg,3.000000
308-5.jpg,1.000000
308-6.jpg,4.000000
308-7.jpg,2.000000
308-8.jpg,3.000000
308-9.jpg,4.000000
308-10.jpg,2.000000
309-1.jpg,2.000000
309-2.jpg,2.000000
309-3.jpg,2.000000
309-4.jpg,3.000000
309-5.jpg,2.000000
309-6.jpg,2.000000
309-7.jpg,2.000000
309-8.jpg,1.000000
309-9.jpg,2.000000
309-10.jpg,2.000000
310-1.jpg,4.000000
310-2.jpg,2.000000
310-3.jpg,4.000000
310-4.jpg,4.000000
310-5.jpg,4.000000
310-6.jpg,4.000000
310-7.jpg,4.000000
310-8.jpg,4.000000
310-9.jpg,4.000000
310-10.jpg,2.000000
311-1.jpg,4.000000
311-2.jpg,4.000000
311-3.jpg,4.000000
311-4.jpg,4.000000
311-5.jpg,4.000000
311-6.jpg,4.000000
311-7.jpg,4.000000
311-8.jpg,4.000000
311-9.jpg,4.000000
311-10.jpg,1.000000
312-1.jpg,3.000000
312-2.jpg,2.000000
312-3.jpg,2.000000
312-4.jpg,3.000000
312-5.jpg,2.000000
312-6.jpg,3.000000
312-7.jpg,2.000000
312-8.jpg,3.000000
312-9.jpg,3.000000
312-10.jpg,3.000000
313-1.jpg,4.000000
313-2.jpg,4.000000
313-3.jpg,4.000000
313-4.jpg,4.000000
313-5.jpg,4.000000
313-6.jpg,4.000000
313-7.jpg,4.000000
313-8.jpg,4.000000
313-9.jpg,4.000000
313-10.jpg,4.000000
314-1.jpg,3.000000
314-2.jpg,3.000000
314-3.jpg,3.000000
314-4.jpg,3.000000
314-5.jpg,3.000000
314-6.jpg,3.000000
314-7.jpg,3.000000
314-8.jpg,3.000000
314-9.jpg,3.000000
314-10.jpg,3.000000
315-1.jpg,3.000000
315-2.jpg,1.000000
315-3.jpg,3.000000
315-4.jpg,3.000000
315-5.jpg,3.000000
315-6.jpg,2.000000
315-7.jpg,2.000000
315-8.jpg,1.000000
315-9.jpg,3.000000
315-10.jpg,3.000000
316-1.jpg,3.000000
316-2.jpg,4.000000
316-3.jpg,4.000000
316-4.jpg,4.000000
316-5.jpg,4.000000
316-6.jpg,4.000000
316-7.jpg,4.000000
316-8.jpg,4.000000
316-9.jpg,4.000000
316-10.jpg,4.000000
317-1.jpg,3.000000
317-2.jpg,3.000000
317-3.jpg,3.000000
317-4.jpg,2.000000
317-5.jpg,3.000000
317-6.jpg,3.000000
317-7.jpg,2.000000
317-8.jpg,1.000000
317-9.jpg,2.000000
317-10.jpg,3.000000
318-1.jpg,3.000000
318-2.jpg,4.000000
318-3.jpg,3.000000
318-4.jpg,1.000000
318-5.jpg,3.000000
318-6.jpg,2.000000
318-7.jpg,4.000000
318-8.jpg,2.000000
318-9.jpg,2.000000
318-10.jpg,2.000000
319-1.jpg,4.000000
319-2.jpg,4.000000
319-3.jpg,3.000000
319-4.jpg,4.000000
319-5.jpg,3.000000
319-6.jpg,3.000000
319-7.jpg,3.000000
319-8.jpg,3.000000
319-9.jpg,3.000000
319-10.jpg,3.000000
320-1.jpg,2.000000
320-2.jpg,4.000000
320-3.jpg,3.000000
320-4.jpg,3.000000
320-5.jpg,2.000000
320-6.jpg,3.000000
320-7.jpg,4.000000
320-8.jpg,3.000000
320-9.jpg,3.000000
320-10.jpg,2.000000
321-1.jpg,2.000000
321-2.jpg,2.000000
321-3.jpg,2.000000
321-4.jpg,2.000000
321-5.jpg,3.000000
321-6.jpg,3.000000
321-7.jpg,2.000000
321-8.jpg,2.000000
321-9.jpg,2.000000
321-10.jpg,3.000000
322-1.jpg,3.000000
322-2.jpg,3.000000
322-3.jpg,3.000000
322-4.jpg,3.000000
322-5.jpg,4.000000
322-6.jpg,3.000000
322-7.jpg,3.000000
322-8.jpg,3.000000
322-9.jpg,3.000000
322-10.jpg,4.000000
323-1.jpg,3.000000
323-2.jpg,4.000000
323-3.jpg,3.000000
323-4.jpg,3.000000
323-5.jpg,4.000000
323-6.jpg,2.000000
323-7.jpg,4.000000
323-8.jpg,3.000000
323-9.jpg,4.000000
323-10.jpg,4.000000
324-1.jpg,4.000000
324-2.jpg,4.000000
324-3.jpg,4.000000
324-4.jpg,2.000000
324-5.jpg,4.000000
324-6.jpg,4.000000
324-7.jpg,4.000000
324-8.jpg,4.000000
324-9.jpg,4.000000
324-10.jpg,3.000000
325-1.jpg,4.000000
325-2.jpg,4.000000
325-3.jpg,4.000000
325-4.jpg,4.000000
325-5.jpg,3.000000
325-6.jpg,4.000000
325-7.jpg,3.000000
325-8.jpg,4.000000
325-9.jpg,4.000000
325-10.jpg,3.000000
326-1.jpg,4.000000
326-2.jpg,4.000000
326-3.jpg,4.000000
326-4.jpg,4.000000
326-5.jpg,4.000000
326-6.jpg,4.000000
326-7.jpg,4.000000
326-8.jpg,4.000000
326-9.jpg,4.000000
326-10.jpg,4.000000
327-1.jpg,4.000000
327-2.jpg,4.000000
327-3.jpg,4.000000
327-4.jpg,4.000000
327-5.jpg,4.000000
327-6.jpg,4.000000
327-7.jpg,4.000000
327-8.jpg,4.000000
327-9.jpg,4.000000
327-10.jpg,4.000000
328-1.jpg,2.000000
328-2.jpg,3.000000
328-3.jpg,4.000000
328-4.jpg,4.000000
328-5.jpg,4.000000
328-6.jpg,4.000000
328-7.jpg,4.000000
328-8.jpg,3.000000
328-9.jpg,2.000000
328-10.jpg,4.000000
329-1.jpg,4.000000
329-2.jpg,4.000000
329-3.jpg,4.000000
329-4.jpg,4.000000
329-5.jpg,4.000000
329-6.jpg,4.000000
329-7.jpg,4.000000
329-8.jpg,4.000000
329-9.jpg,4.000000
329-10.jpg,3.000000
330-1.jpg,4.000000
330-2.jpg,4.000000
330-3.jpg,4.000000
330-4.jpg,4.000000
330-5.jpg,4.000000
330-6.jpg,4.000000
330-7.jpg,4.000000
330-8.jpg,4.000000
330-9.jpg,4.000000
330-10.jpg,4.000000
331-1.jpg,4.000000
331-2.jpg,4.000000
331-3.jpg,4.000000
331-4.jpg,4.000000
331-5.jpg,4.000000
331-6.jpg,4.000000
331-7.jpg,4.000000
331-8.jpg,4.000000
331-9.jpg,4.000000
331-10.jpg,4.000000
332-1.jpg,4.000000
332-2.jpg,4.000000
332-3.jpg,4.000000
332-4.jpg,4.000000
332-5.jpg,4.000000
332-6.jpg,4.000000
332-7.jpg,4.000000
332-8.jpg,4.000000
332-9.jpg,4.000000
332-10.jpg,4.000000
333-1.jpg,4.000000
333-2.jpg,4.000000
333-3.jpg,4.000000
333-4.jpg,4.000000
333-5.jpg,4.000000
333-6.jpg,4.000000
333-7.jpg,4.000000
333-8.jpg,4.000000
333-9.jpg,4.000000
333-10.jpg,4.000000
334-1.jpg,4.000000
334-2.jpg,1.000000
334-3.jpg,2.000000
334-4.jpg,1.000000
334-5.jpg,4.000000
334-6.jpg,4.000000
334-7.jpg,1.000000
334-8.jpg,1.000000
334-9.jpg,1.000000
334-10.jpg,1.000000
335-1.jpg,1.000000
335-2.jpg,2.000000
335-3.jpg,2.000000
335-4.jpg,1.000000
335-5.jpg,3.000000
335-6.jpg,3.000000
335-7.jpg,2.000000
335-8.jpg,2.000000
335-9.jpg,2.000000
335-10.jpg,3.000000
336-1.jpg,4.000000
336-2.jpg,4.000000
336-3.jpg,3.000000
336-4.jpg,3.000000
336-5.jpg,1.000000
336-6.jpg,2.000000
336-7.jpg,2.000000
336-8.jpg,4.000000
336-9.jpg,1.000000
336-10.jpg,1.000000
337-1.jpg,3.000000
337-2.jpg,3.000000
337-3.jpg,1.000000
337-4.jpg,3.000000
337-5.jpg,2.000000
337-6.jpg,3.000000
337-7.jpg,1.000000
337-8.jpg,2.000000
337-9.jpg,3.000000
337-10.jpg,1.000000
338-1.jpg,4.000000
338-2.jpg,4.000000
338-3.jpg,4.000000
338-4.jpg,4.000000
338-5.jpg,4.000000
338-6.jpg,4.000000
338-7.jpg,4.000000
338-8.jpg,4.000000
338-9.jpg,4.000000
338-10.jpg,2.000000
339-1.jpg,4.000000
339-2.jpg,4.000000
339-3.jpg,4.000000
339-4.jpg,4.000000
339-5.jpg,4.000000
339-6.jpg,4.000000
339-7.jpg,4.000000
339-8.jpg,3.000000
339-9.jpg,4.000000
339-10.jpg,4.000000
340-1.jpg,4.000000
340-2.jpg,4.000000
340-3.jpg,4.000000
340-4.jpg,4.000000
340-5.jpg,4.000000
340-6.jpg,4.000000
340-7.jpg,4.000000
340-8.jpg,4.000000
340-9.jpg,4.000000
340-10.jpg,4.000000
341-1.jpg,4.000000
341-2.jpg,4.000000
341-3.jpg,4.000000
341-4.jpg,4.000000
341-5.jpg,4.000000
341-6.jpg,4.000000
341-7.jpg,4.000000
341-8.jpg,4.000000
341-9.jpg,4.000000
341-10.jpg,4.000000
342-1.jpg,4.000000
342-2.jpg,4.000000
342-3.jpg,4.000000
342-4.jpg,4.000000
342-5.jpg,4.000000
342-6.jpg,4.000000
342-7.jpg,4.000000
342-8.jpg,4.000000
342-9.jpg,4.000000
342-10.jpg,4.000000
343-1.jpg,4.000000
343-2.jpg,4.000000
343-3.jpg,4.000000
343-4.jpg,4.000000
343-5.jpg,1.000000
343-6.jpg,4.000000
343-7.jpg,4.000000
343-8.jpg,1.000000
343-9.jpg,1.000000
343-10.jpg,4.000000
344-1.jpg,4.000000
344-2.jpg,4.000000
344-3.jpg,4.000000
344-4.jpg,4.000000
344-5.jpg,4.000000
344-6.jpg,4.000000
344-7.jpg,3.000000
344-8.jpg,4.000000
344-9.jpg,4.000000
344-10.jpg,4.000000
345-1.jpg,3.000000
345-2.jpg,3.000000
345-3.jpg,3.000000
345-4.jpg,3.000000
345-5.jpg,3.000000
345-6.jpg,3.000000
345-7.jpg,2.000000
345-8.jpg,2.000000
345-9.jpg,2.000000
345-10.jpg,3.000000
346-1.jpg,4.000000
346-2.jpg,4.000000
346-3.jpg,4.000000
346-4.jpg,4.000000
346-5.jpg,4.000000
346-6.jpg,4.000000
346-7.jpg,4.000000
346-8.jpg,4.000000
346-9.jpg,4.000000
346-10.jpg,4.000000
347-1.jpg,4.000000
347-2.jpg,4.000000
347-3.jpg,4.000000
347-4.jpg,4.000000
347-5.jpg,4.000000
347-6.jpg,4.000000
347-7.jpg,4.000000
347-8.jpg,4.000000
347-9.jpg,4.000000
347-10.jpg,4.000000
348-1.jpg,4.000000
348-2.jpg,3.000000
348-3.jpg,4.000000
348-4.jpg,1.000000
348-5.jpg,4.000000
348-6.jpg,4.000000
348-7.jpg,2.000000
348-8.jpg,3.000000
348-9.jpg,4.000000
348-10.jpg,4.000000
349-1.jpg,4.000000
349-2.jpg,4.000000
349-3.jpg,4.000000
349-4.jpg,4.000000
349-5.jpg,4.000000
349-6.jpg,4.000000
349-7.jpg,4.000000
349-8.jpg,4.000000
349-9.jpg,4.000000
349-10.jpg,4.000000
350-1.jpg,4.000000
350-2.jpg,4.000000
350-3.jpg,4.000000
350-4.jpg,4.000000
350-5.jpg,4.000000
350-6.jpg,4.000000
350-7.jpg,4.000000
350-8.jpg,4.000000
350-9.jpg,4.000000
350-10.jpg,4.000000
351-1.jpg,4.000000
351-2.jpg,4.000000
351-3.jpg,4.000000
351-4.jpg,4.000000
351-5.jpg,4.000000
351-6.jpg,4.000000
351-7.jpg,4.000000
351-8.jpg,4.000000
351-9.jpg,4.000000
351-10.jpg,4.000000
352-1.jpg,2.000000
352-2.jpg,1.000000
352-3.jpg,2.000000
352-4.jpg,2.000000
352-5.jpg,2.000000
352-6.jpg,1.000000
352-7.jpg,2.000000
352-8.jpg,1.000000
352-9.jpg,1.000000
352-10.jpg,1.000000
353-1.jpg,4.000000
353-2.jpg,4.000000
353-3.jpg,4.000000
353-4.jpg,4.000000
353-5.jpg,4.000000
353-6.jpg,4.000000
353-7.jpg,4.000000
353-8.jpg,4.000000
353-9.jpg,4.000000
353-10.jpg,4.000000
354-1.jpg,2.000000
354-2.jpg,2.000000
354-3.jpg,1.000000
354-4.jpg,2.000000
354-5.jpg,2.000000
354-6.jpg,2.000000
354-7.jpg,2.000000
354-8.jpg,2.000000
354-9.jpg,2.000000
354-10.jpg,2.000000
355-1.jpg,2.000000
355-2.jpg,2.000000
355-3.jpg,2.000000
355-4.jpg,2.000000
355-5.jpg,2.000000
355-6.jpg,2.000000
355-7.jpg,2.000000
355-8.jpg,2.000000
355-9.jpg,2.000000
355-10.jpg,2.000000
356-1.jpg,2.000000
356-2.jpg,2.000000
356-3.jpg,2.000000
356-4.jpg,2.000000
356-5.jpg,2.000000
356-6.jpg,2.000000
356-7.jpg,2.000000
356-8.jpg,2.000000
356-9.jpg,2.000000
356-10.jpg,2.000000
357-1.jpg,4.000000
357-2.jpg,4.000000
357-3.jpg,4.000000
357-4.jpg,4.000000
357-5.jpg,4.000000
357-6.jpg,3.000000
357-7.jpg,4.000000
357-8.jpg,2.000000
357-9.jpg,4.000000
357-10.jpg,4.000000
358-1.jpg,1.000000
358-2.jpg,1.000000
358-3.jpg,1.000000
358-4.jpg,1.000000
358-5.jpg,1.000000
358-6.jpg,1.000000
358-7.jpg,1.000000
358-8.jpg,1.000000
358-9.jpg,1.000000
358-10.jpg,1.000000
359-1.jpg,2.000000
359-2.jpg,2.000000
359-3.jpg,1.000000
359-4.jpg,1.000000
359-5.jpg,2.000000
359-6.jpg,2.000000
359-7.jpg,2.000000
359-8.jpg,2.000000
359-9.jpg,2.000000
359-10.jpg,1.000000
360-1.jpg,2.000000
360-2.jpg,2.000000
360-3.jpg,2.000000
360-4.jpg,2.000000
360-5.jpg,2.000000
360-6.jpg,2.000000
360-7.jpg,2.000000
360-8.jpg,2.000000
360-9.jpg,2.000000
360-10.jpg,1.000000
361-1.jpg,2.000000
361-2.jpg,2.000000
361-3.jpg,2.000000
361-4.jpg,2.000000
361-5.jpg,2.000000
361-6.jpg,2.000000
361-7.jpg,2.000000
361-8.jpg,2.000000
361-9.jpg,2.000000
361-10.jpg,2.000000
362-1.jpg,3.000000
362-2.jpg,2.000000
362-3.jpg,3.000000
362-4.jpg,2.000000
362-5.jpg,2.000000
362-6.jpg,2.000000
362-7.jpg,2.000000
362-8.jpg,3.000000
362-9.jpg,2.000000
362-10.jpg,2.000000
363-1.jpg,2.000000
363-2.jpg,3.000000
363-3.jpg,4.000000
363-4.jpg,1.000000
363-5.jpg,4.000000
363-6.jpg,1.000000
363-7.jpg,4.000000
363-8.jpg,4.000000
363-9.jpg,1.000000
363-10.jpg,4.000000
364-1.jpg,1.000000
364-2.jpg,1.000000
364-3.jpg,1.000000
364-4.jpg,3.000000
364-5.jpg,2.000000
364-6.jpg,2.000000
364-7.jpg,2.000000
364-8.jpg,1.000000
364-9.jpg,1.000000
364-10.jpg,3.000000
365-1.jpg,4.000000
365-2.jpg,4.000000
365-3.jpg,4.000000
365-4.jpg,4.000000
365-5.jpg,4.000000
365-6.jpg,4.000000
365-7.jpg,4.000000
365-8.jpg,4.000000
365-9.jpg,4.000000
365-10.jpg,4.000000
366-1.jpg,4.000000
366-2.jpg,4.000000
366-3.jpg,4.000000
366-4.jpg,3.000000
366-5.jpg,4.000000
366-6.jpg,4.000000
366-7.jpg,4.000000
366-8.jpg,4.000000
366-9.jpg,4.000000
366-10.jpg,3.000000
367-1.jpg,2.000000
367-2.jpg,3.000000
367-3.jpg,3.000000
367-4.jpg,3.000000
367-5.jpg,3.000000
367-6.jpg,2.000000
367-7.jpg,2.000000
367-8.jpg,2.000000
367-9.jpg,3.000000
367-10.jpg,2.000000
368-1.jpg,4.000000
368-2.jpg,3.000000
368-3.jpg,1.000000
368-4.jpg,4.000000
368-5.jpg,4.000000
368-6.jpg,4.000000
368-7.jpg,4.000000
368-8.jpg,4.000000
368-9.jpg,4.000000
368-10.jpg,4.000000
369-1.jpg,1.000000
369-2.jpg,3.000000
369-3.jpg,3.000000
369-4.jpg,3.000000
369-5.jpg,3.000000
369-6.jpg,2.000000
369-7.jpg,1.000000
369-8.jpg,1.000000
369-9.jpg,1.000000
369-10.jpg,3.000000
370-1.jpg,1.000000
370-2.jpg,1.000000
370-3.jpg,1.000000
370-4.jpg,1.000000
370-5.jpg,2.000000
370-6.jpg,1.000000
370-7.jpg,1.000000
370-8.jpg,1.000000
370-9.jpg,1.000000
370-10.jpg,1.000000
371-1.jpg,4.000000
371-2.jpg,4.000000
371-3.jpg,4.000000
371-4.jpg,4.000000
371-5.jpg,4.000000
371-6.jpg,4.000000
371-7.jpg,4.000000
371-8.jpg,4.000000
371-9.jpg,4.000000
371-10.jpg,4.000000
372-1.jpg,4.000000
372-2.jpg,3.000000
372-3.jpg,1.000000
372-4.jpg,2.000000
372-5.jpg,1.000000
372-6.jpg,4.000000
372-7.jpg,3.000000
372-8.jpg,3.000000
372-9.jpg,2.000000
372-10.jpg,2.000000
373-1.jpg,4.000000
373-2.jpg,4.000000
373-3.jpg,4.000000
373-4.jpg,4.000000
373-5.jpg,4.000000
373-6.jpg,4.000000
373-7.jpg,4.000000
373-8.jpg,4.000000
373-9.jpg,2.000000
373-10.jpg,3.000000
374-1.jpg,2.000000
374-2.jpg,1.000000
374-3.jpg,1.000000
374-4.jpg,2.000000
374-5.jpg,2.000000
374-6.jpg,2.000000
374-7.jpg,3.000000
374-8.jpg,1.000000
374-9.jpg,1.000000
374-10.jpg,1.000000
375-1.jpg,1.000000
375-2.jpg,1.000000
375-3.jpg,1.000000
375-4.jpg,1.000000
375-5.jpg,2.000000
375-6.jpg,1.000000
375-7.jpg,2.000000
375-8.jpg,2.000000
375-9.jpg,1.000000
375-10.jpg,1.000000
376-1.jpg,2.000000
376-2.jpg,2.000000
376-3.jpg,1.000000
376-4.jpg,3.000000
376-5.jpg,2.000000
376-6.jpg,1.000000
376-7.jpg,2.000000
376-8.jpg,3.000000
376-9.jpg,1.000000
376-10.jpg,2.000000
377-1.jpg,2.000000
377-2.jpg,1.000000
377-3.jpg,4.000000
377-4.jpg,1.000000
377-5.jpg,1.000000
377-6.jpg,1.000000
377-7.jpg,4.000000
377-8.jpg,4.000000
377-9.jpg,4.000000
377-10.jpg,1.000000
378-1.jpg,3.000000
378-2.jpg,4.000000
378-3.jpg,2.000000
378-4.jpg,4.000000
378-5.jpg,4.000000
378-6.jpg,4.000000
378-7.jpg,1.000000
378-8.jpg,2.000000
378-9.jpg,1.000000
378-10.jpg,3.000000
379-1.jpg,3.000000
379-2.jpg,3.000000
379-3.jpg,4.000000
379-4.jpg,4.000000
379-5.jpg,4.000000
379-6.jpg,4.000000
379-7.jpg,4.000000
379-8.jpg,2.000000
379-9.jpg,2.000000
379-10.jpg,4.000000
380-1.jpg,2.000000
380-2.jpg,2.000000
380-3.jpg,2.000000
380-4.jpg,3.000000
380-5.jpg,2.000000
380-6.jpg,2.000000
380-7.jpg,2.000000
380-8.jpg,2.000000
380-9.jpg,2.000000
380-10.jpg,3.000000
381-1.jpg,1.000000
381-2.jpg,2.000000
381-3.jpg,2.000000
381-4.jpg,1.000000
381-5.jpg,3.000000
381-6.jpg,2.000000
381-7.jpg,3.000000
381-8.jpg,2.000000
381-9.jpg,2.000000
381-10.jpg,1.000000
382-1.jpg,1.000000
382-2.jpg,4.000000
382-3.jpg,1.000000
382-4.jpg,4.000000
382-5.jpg,3.000000
382-6.jpg,4.000000
382-7.jpg,4.000000
382-8.jpg,4.000000
382-9.jpg,4.000000
382-10.jpg,1.000000
383-1.jpg,1.000000
383-2.jpg,1.000000
383-3.jpg,2.000000
383-4.jpg,2.000000
383-5.jpg,2.000000
383-6.jpg,2.000000
383-7.jpg,1.000000
383-8.jpg,2.000000
383-9.jpg,2.000000
383-10.jpg,2.000000
384-1.jpg,4.000000
384-2.jpg,4.000000
384-3.jpg,4.000000
384-4.jpg,4.000000
384-5.jpg,4.000000
384-6.jpg,4.000000
384-7.jpg,4.000000
384-8.jpg,4.000000
384-9.jpg,4.000000
384-10.jpg,3.000000
385-1.jpg,4.000000
385-2.jpg,4.000000
385-3.jpg,4.000000
385-4.jpg,4.000000
385-5.jpg,4.000000
385-6.jpg,4.000000
385-7.jpg,4.000000
385-8.jpg,4.000000
385-9.jpg,4.000000
385-10.jpg,4.000000
386-1.jpg,3.000000
386-2.jpg,3.000000
386-3.jpg,3.000000
386-4.jpg,3.000000
386-5.jpg,3.000000
386-6.jpg,3.000000
386-7.jpg,3.000000
386-8.jpg,3.000000
386-9.jpg,3.000000
386-10.jpg,4.000000
387-1.jpg,4.000000
387-2.jpg,4.000000
387-3.jpg,4.000000
387-4.jpg,4.000000
387-5.jpg,4.000000
387-6.jpg,4.000000
387-7.jpg,4.000000
387-8.jpg,4.000000
387-9.jpg,4.000000
387-10.jpg,4.000000
388-1.jpg,1.000000
388-2.jpg,2.000000
388-3.jpg,2.000000
388-4.jpg,2.000000
388-5.jpg,1.000000
388-6.jpg,2.000000
388-7.jpg,2.000000
388-8.jpg,2.000000
388-9.jpg,2.000000
388-10.jpg,1.000000
389-1.jpg,2.000000
389-2.jpg,2.000000
389-3.jpg,2.000000
389-4.jpg,1.000000
389-5.jpg,2.000000
389-6.jpg,2.000000
389-7.jpg,2.000000
389-8.jpg,2.000000
389-9.jpg,1.000000
389-10.jpg,3.000000
390-1.jpg,3.000000
390-2.jpg,4.000000
390-3.jpg,4.000000
390-4.jpg,4.000000
390-5.jpg,4.000000
390-6.jpg,4.000000
390-7.jpg,4.000000
390-8.jpg,3.000000
390-9.jpg,3.000000
390-10.jpg,4.000000
391-1.jpg,3.000000
391-2.jpg,4.000000
391-3.jpg,3.000000
391-4.jpg,3.000000
391-5.jpg,4.000000
391-6.jpg,3.000000
391-7.jpg,4.000000
391-8.jpg,4.000000
391-9.jpg,3.000000
391-10.jpg,3.000000
392-1.jpg,4.000000
392-2.jpg,4.000000
392-3.jpg,4.000000
392-4.jpg,4.000000
392-5.jpg,4.000000
392-6.jpg,4.000000
392-7.jpg,4.000000
392-8.jpg,4.000000
392-9.jpg,4.000000
392-10.jpg,4.000000
393-1.jpg,1.000000
393-2.jpg,1.000000
393-3.jpg,2.000000
393-4.jpg,2.000000
393-5.jpg,1.000000
393-6.jpg,2.000000
393-7.jpg,1.000000
393-8.jpg,2.000000
393-9.jpg,2.000000
393-10.jpg,2.000000
394-1.jpg,4.000000
394-2.jpg,4.000000
394-3.jpg,4.000000
394-4.jpg,4.000000
394-5.jpg,4.000000
394-6.jpg,4.000000
394-7.jpg,4.000000
394-8.jpg,4.000000
394-9.jpg,4.000000
394-10.jpg,4.000000
395-1.jpg,2.000000
395-2.jpg,3.000000
395-3.jpg,3.000000
395-4.jpg,3.000000
395-5.jpg,3.000000
395-6.jpg,3.000000
395-7.jpg,3.000000
395-8.jpg,2.000000
395-9.jpg,3.000000
395-10.jpg,3.000000
396-1.jpg,4.000000
396-2.jpg,4.000000
396-3.jpg,4.000000
396-4.jpg,4.000000
396-5.jpg,4.000000
396-6.jpg,4.000000
396-7.jpg,4.000000
396-8.jpg,4.000000
396-9.jpg,4.000000
396-10.jpg,4.000000
397-1.jpg,3.000000
397-2.jpg,2.000000
397-3.jpg,4.000000
397-4.jpg,2.000000
397-5.jpg,3.000000
397-6.jpg,2.000000
397-7.jpg,4.000000
397-8.jpg,2.000000
397-9.jpg,2.000000
397-10.jpg,2.000000
398-1.jpg,2.000000
398-2.jpg,3.000000
398-3.jpg,3.000000
398-4.jpg,3.000000
398-5.jpg,2.000000
398-6.jpg,3.000000
398-7.jpg,3.000000
398-8.jpg,3.000000
398-9.jpg,2.000000
398-10.jpg,3.000000
399-1.jpg,2.000000
399-2.jpg,3.000000
399-3.jpg,2.000000
399-4.jpg,3.000000
399-5.jpg,3.000000
399-6.jpg,3.000000
399-7.jpg,2.000000
399-8.jpg,3.000000
399-9.jpg,4.000000
399-10.jpg,3.000000
400-1.jpg,2.000000
400-2.jpg,2.000000
400-3.jpg,2.000000
400-4.jpg,2.000000
400-5.jpg,2.000000
400-6.jpg,2.000000
400-7.jpg,2.000000
400-8.jpg,2.000000
400-9.jpg,1.000000
400-10.jpg,2.000000
401-1.jpg,4.000000
401-2.jpg,4.000000
401-3.jpg,4.000000
401-4.jpg,4.000000
401-5.jpg,4.000000
401-6.jpg,4.000000
401-7.jpg,4.000000
401-8.jpg,4.000000
401-9.jpg,4.000000
401-10.jpg,3.000000
